box_set_slug,category_name,odds_numerator,odds_denominator,pull_probability,odds_source,notes,_needs_review,_source_notes
2023-topps-chrome-baseball-blaster,1988 Topps,1.0,4.0,0.25,Baseballcardpedia,,,BBP insertion ratio table (2023 Topps Chrome page)
2023-topps-chrome-baseball-blaster,1988 Topps Autograph,1.0,38434.0,2.6e-05,Baseballcardpedia,,,BBP insertion ratio table (2023 Topps Chrome page)
2023-topps-chrome-baseball-blaster,1988 Topps Autograph Orange Refractor,1.0,78404.0,1.3e-05,Baseballcardpedia,,,BBP insertion ratio table (2023 Topps Chrome page)
2023-topps-chrome-baseball-blaster,1988 Topps Autograph Printing Plates,1.0,490023.0,2e-06,Baseballcardpedia,,,BBP insertion ratio table (2023 Topps Chrome page)
2023-topps-chrome-baseball-blaster,1988 Topps Autograph Red Refractor,1.0,392019.0,3e-06,Baseballcardpedia,,,BBP insertion ratio table (2023 Topps Chrome page)
2023-topps-chrome-baseball-blaster,1988 Topps Autograph SuperFractor,1.0,1960091.0,1e-06,Baseballcardpedia,,,BBP insertion ratio table (2023 Topps Chrome page)
2023-topps-chrome-baseball-blaster,1988 Topps Gold Refractor,1.0,14628.0,6.8e-05,Baseballcardpedia,,,BBP insertion ratio table (2023 Topps Chrome page)
2023-topps-chrome-baseball-blaster,1988 Topps Green Refractor,1.0,7397.0,0.000135,Baseballcardpedia,,,BBP insertion ratio table (2023 Topps Chrome page)
2023-topps-chrome-baseball-blaster,1988 Topps Orange Refractor,1.0,29256.0,3.4e-05,Baseballcardpedia,,,BBP insertion ratio table (2023 Topps Chrome page)
2023-topps-chrome-baseball-blaster,1988 Topps Red Refractor,1.0,150777.0,7e-06,Baseballcardpedia,,,BBP insertion ratio table (2023 Topps Chrome page)
2023-topps-chrome-baseball-blaster,1988 Topps SuperFractor,1.0,653364.0,2e-06,Baseballcardpedia,,,BBP insertion ratio table (2023 Topps Chrome page)
2023-topps-chrome-baseball-blaster,2022 Topps Chrome MVP Buybacks Autographs,1.0,653364.0,2e-06,Baseballcardpedia,,,BBP insertion ratio table (2023 Topps Chrome page)
2023-topps-chrome-baseball-blaster,2022 Topps Chrome Prism Refractor MVP Buybacks,1.0,49003.0,2e-05,Baseballcardpedia,,,BBP insertion ratio table (2023 Topps Chrome page)
2023-topps-chrome-baseball-blaster,2022 Topps Chrome Refractor MVP Buybacks,1.0,36983.0,2.7e-05,Baseballcardpedia,,,BBP insertion ratio table (2023 Topps Chrome page)
2023-topps-chrome-baseball-blaster,2022 Topps Chrome X-Fractor MVP Buybacks,1.0,72596.0,1.4e-05,Baseballcardpedia,,,BBP insertion ratio table (2023 Topps Chrome page)
2023-topps-chrome-baseball-blaster,Aqua Lava Refractor,1.0,334.0,0.002994,Baseballcardpedia,,,BBP insertion ratio table (2023 Topps Chrome page)
2023-topps-chrome-baseball-blaster,Aqua Refractor,1.0,334.0,0.002994,Baseballcardpedia,,,BBP insertion ratio table (2023 Topps Chrome page)
2023-topps-chrome-baseball-blaster,Blue Refractor,1.0,444.0,0.002252,Baseballcardpedia,,,BBP insertion ratio table (2023 Topps Chrome page)
2023-topps-chrome-baseball-blaster,Blue Sonar Refractor,1.0,533.0,0.001876,Baseballcardpedia,,,BBP insertion ratio table (2023 Topps Chrome page)
2023-topps-chrome-baseball-blaster,Dual Rookie Autographs,1.0,196010.0,5e-06,Baseballcardpedia,,,BBP insertion ratio table (2023 Topps Chrome page)
2023-topps-chrome-baseball-blaster,Dual Rookie Autographs Red Refractor,1.0,980046.0,1e-06,Baseballcardpedia,,,BBP insertion ratio table (2023 Topps Chrome page)
2023-topps-chrome-baseball-blaster,Expose,1.0,49003.0,2e-05,Baseballcardpedia,,,BBP insertion ratio table (2023 Topps Chrome page)
2023-topps-chrome-baseball-blaster,Expose Red Refractor,1.0,98005.0,1e-05,Baseballcardpedia,,,BBP insertion ratio table (2023 Topps Chrome page)
2023-topps-chrome-baseball-blaster,Expose SuperFractor,1.0,490023.0,2e-06,Baseballcardpedia,,,BBP insertion ratio table (2023 Topps Chrome page)
2023-topps-chrome-baseball-blaster,Future Stars,1.0,16.0,0.0625,Baseballcardpedia,,,BBP insertion ratio table (2023 Topps Chrome page)
2023-topps-chrome-baseball-blaster,Future Stars Autograph,1.0,78404.0,1.3e-05,Baseballcardpedia,,,BBP insertion ratio table (2023 Topps Chrome page)
2023-topps-chrome-baseball-blaster,Future Stars Autograph Orange Refractor,1.0,217788.0,5e-06,Baseballcardpedia,,,BBP insertion ratio table (2023 Topps Chrome page)
2023-topps-chrome-baseball-blaster,Future Stars Autograph Printing Plates,1.0,1960091.0,1e-06,Baseballcardpedia,,,BBP insertion ratio table (2023 Topps Chrome page)
2023-topps-chrome-baseball-blaster,Future Stars Autograph Red Refractor,1.0,980046.0,1e-06,Baseballcardpedia,,,BBP insertion ratio table (2023 Topps Chrome page)
2023-topps-chrome-baseball-blaster,Future Stars Gold Refractor,1.0,14628.0,6.8e-05,Baseballcardpedia,,,BBP insertion ratio table (2023 Topps Chrome page)
2023-topps-chrome-baseball-blaster,Future Stars Green Refractor,1.0,7397.0,0.000135,Baseballcardpedia,,,BBP insertion ratio table (2023 Topps Chrome page)
2023-topps-chrome-baseball-blaster,Future Stars Orange Refractor,1.0,29256.0,3.4e-05,Baseballcardpedia,,,BBP insertion ratio table (2023 Topps Chrome page)
2023-topps-chrome-baseball-blaster,Future Stars Red Refractor,1.0,150777.0,7e-06,Baseballcardpedia,,,BBP insertion ratio table (2023 Topps Chrome page)
2023-topps-chrome-baseball-blaster,Future Stars SuperFractor,1.0,653364.0,2e-06,Baseballcardpedia,,,BBP insertion ratio table (2023 Topps Chrome page)
2023-topps-chrome-baseball-blaster,Gimmicks Tier 1,1.0,861.0,0.001161,Baseballcardpedia,,,BBP insertion ratio table (2023 Topps Chrome page)
2023-topps-chrome-baseball-blaster,Gimmicks Tier 1 Gold Speckle Refractor,1.0,14628.0,6.8e-05,Baseballcardpedia,,,BBP insertion ratio table (2023 Topps Chrome page)
2023-topps-chrome-baseball-blaster,Gimmicks Tier 1 Green Speckle Refractor,1.0,7397.0,0.000135,Baseballcardpedia,,,BBP insertion ratio table (2023 Topps Chrome page)
2023-topps-chrome-baseball-blaster,Gimmicks Tier 1 Orange Speckle Refractor,1.0,29256.0,3.4e-05,Baseballcardpedia,,,BBP insertion ratio table (2023 Topps Chrome page)
2023-topps-chrome-baseball-blaster,Gimmicks Tier 1 Red Speckle Refractor,1.0,150777.0,7e-06,Baseballcardpedia,,,BBP insertion ratio table (2023 Topps Chrome page)
2023-topps-chrome-baseball-blaster,Gimmicks Tier 1 SuperFractor,1.0,653364.0,2e-06,Baseballcardpedia,,,BBP insertion ratio table (2023 Topps Chrome page)
2023-topps-chrome-baseball-blaster,Gimmicks Tier 2,1.0,29256.0,3.4e-05,Baseballcardpedia,,,BBP insertion ratio table (2023 Topps Chrome page)
2023-topps-chrome-baseball-blaster,Gold Refractor,1.0,1330.0,0.000752,Baseballcardpedia,,,BBP insertion ratio table (2023 Topps Chrome page)
2023-topps-chrome-baseball-blaster,Green Refractor,1.0,672.0,0.001488,Baseballcardpedia,,,BBP insertion ratio table (2023 Topps Chrome page)
2023-topps-chrome-baseball-blaster,Green Sonar Refractor,1.0,672.0,0.001488,Baseballcardpedia,,,BBP insertion ratio table (2023 Topps Chrome page)
2023-topps-chrome-baseball-blaster,Hidden Gems,,,,Unavailable,,NO ODDS DATA FOUND. No insertion ratio published on Baseballcardpedia 2023 Topps Chrome page (linked subsection page does not exist). Cross-check Cardboard Connection/Beckett before full seed.,"Flagged during pull_rates rebuild, June 2026"
2023-topps-chrome-baseball-blaster,In Technicolor,1.0,32.0,0.03125,Baseballcardpedia,,,BBP insertion ratio table (2023 Topps Chrome page)
2023-topps-chrome-baseball-blaster,In Technicolor Autographs,1.0,20853.0,4.8e-05,Baseballcardpedia,,,BBP insertion ratio table (2023 Topps Chrome page)
2023-topps-chrome-baseball-blaster,In Technicolor Autographs Orange Refractor,1.0,65337.0,1.5e-05,Baseballcardpedia,,,BBP insertion ratio table (2023 Topps Chrome page)
2023-topps-chrome-baseball-blaster,In Technicolor Autographs Printing Plates,1.0,392019.0,3e-06,Baseballcardpedia,,,BBP insertion ratio table (2023 Topps Chrome page)
2023-topps-chrome-baseball-blaster,In Technicolor Autographs Red Refractor,1.0,326682.0,3e-06,Baseballcardpedia,,,BBP insertion ratio table (2023 Topps Chrome page)
2023-topps-chrome-baseball-blaster,In Technicolor Autographs SuperFractor,1.0,1960091.0,1e-06,Baseballcardpedia,,,BBP insertion ratio table (2023 Topps Chrome page)
2023-topps-chrome-baseball-blaster,In Technicolor Gold Refractor,1.0,11738.0,8.5e-05,Baseballcardpedia,,,BBP insertion ratio table (2023 Topps Chrome page)
2023-topps-chrome-baseball-blaster,In Technicolor Green Refractor,1.0,2896.0,0.000345,Baseballcardpedia,,,BBP insertion ratio table (2023 Topps Chrome page)
2023-topps-chrome-baseball-blaster,In Technicolor Orange Refractor,1.0,23335.0,4.3e-05,Baseballcardpedia,,,BBP insertion ratio table (2023 Topps Chrome page)
2023-topps-chrome-baseball-blaster,In Technicolor Red Refractor,1.0,115300.0,9e-06,Baseballcardpedia,,,BBP insertion ratio table (2023 Topps Chrome page)
2023-topps-chrome-baseball-blaster,In Technicolor SuperFractor,1.0,653364.0,2e-06,Baseballcardpedia,,,BBP insertion ratio table (2023 Topps Chrome page)
2023-topps-chrome-baseball-blaster,Let's Go!,1.0,19601.0,5.1e-05,Baseballcardpedia,,,BBP insertion ratio table (2023 Topps Chrome page)
2023-topps-chrome-baseball-blaster,Let's Go! Red Refractor,1.0,196010.0,5e-06,Baseballcardpedia,,,BBP insertion ratio table (2023 Topps Chrome page)
2023-topps-chrome-baseball-blaster,Let's Go! SuperFractor,1.0,980046.0,1e-06,Baseballcardpedia,,,BBP insertion ratio table (2023 Topps Chrome page)
2023-topps-chrome-baseball-blaster,Magenta Refractor,1.0,166.0,0.006024,Baseballcardpedia,,,BBP insertion ratio table (2023 Topps Chrome page)
2023-topps-chrome-baseball-blaster,Magenta Speckle Refractor,1.0,189.0,0.005291,Baseballcardpedia,,,BBP insertion ratio table (2023 Topps Chrome page)
2023-topps-chrome-baseball-blaster,Negative Refractor,1.0,165.0,0.006061,Baseballcardpedia,,,BBP insertion ratio table (2023 Topps Chrome page)
2023-topps-chrome-baseball-blaster,Pink Refractor,1.0,4.0,0.25,Baseballcardpedia,,,BBP insertion ratio table (2023 Topps Chrome page)
2023-topps-chrome-baseball-blaster,Printing Plates,1.0,16611.0,6e-05,Baseballcardpedia,,,BBP insertion ratio table (2023 Topps Chrome page)
2023-topps-chrome-baseball-blaster,Prism Refractor,1.0,8.0,0.125,Baseballcardpedia,,,BBP insertion ratio table (2023 Topps Chrome page)
2023-topps-chrome-baseball-blaster,Purple Refractor,1.0,265.0,0.003774,Baseballcardpedia,,,BBP insertion ratio table (2023 Topps Chrome page)
2023-topps-chrome-baseball-blaster,Purple Sonar Refractor,1.0,118.0,0.008475,Baseballcardpedia,,,BBP insertion ratio table (2023 Topps Chrome page)
2023-topps-chrome-baseball-blaster,Purple Speckle Refractor,1.0,222.0,0.004505,Baseballcardpedia,,,BBP insertion ratio table (2023 Topps Chrome page)
2023-topps-chrome-baseball-blaster,Red Refractor,1.0,13244.0,7.6e-05,Baseballcardpedia,,,BBP insertion ratio table (2023 Topps Chrome page)
2023-topps-chrome-baseball-blaster,Refractor,1.0,5.0,0.2,Baseballcardpedia,,,BBP insertion ratio table (2023 Topps Chrome page)
2023-topps-chrome-baseball-blaster,Rookie Autographs,1.0,120.0,0.008333,Baseballcardpedia,,,BBP insertion ratio table (2023 Topps Chrome page)
2023-topps-chrome-baseball-blaster,Rookie Autographs Aqua Wave Refractor,1.0,937.0,0.001067,Baseballcardpedia,,,BBP insertion ratio table (2023 Topps Chrome page)
2023-topps-chrome-baseball-blaster,Rookie Autographs Blue RayWave Refractor,1.0,1259.0,0.000794,Baseballcardpedia,,,BBP insertion ratio table (2023 Topps Chrome page)
2023-topps-chrome-baseball-blaster,Rookie Autographs Blue Refractor,1.0,1250.0,0.0008,Baseballcardpedia,,,BBP insertion ratio table (2023 Topps Chrome page)
2023-topps-chrome-baseball-blaster,Rookie Autographs Gold Refractor,1.0,3685.0,0.000271,Baseballcardpedia,,,BBP insertion ratio table (2023 Topps Chrome page)
2023-topps-chrome-baseball-blaster,Rookie Autographs Green Refractor,1.0,602.0,0.001661,Baseballcardpedia,,,BBP insertion ratio table (2023 Topps Chrome page)
2023-topps-chrome-baseball-blaster,Rookie Autographs Printing Plates,1.0,46669.0,2.1e-05,Baseballcardpedia,,,BBP insertion ratio table (2023 Topps Chrome page)
2023-topps-chrome-baseball-blaster,Rookie Autographs Purple Refractor,1.0,777.0,0.001287,Baseballcardpedia,,,BBP insertion ratio table (2023 Topps Chrome page)
2023-topps-chrome-baseball-blaster,Rookie Autographs Purple Speckle Refractor,1.0,672.0,0.001488,Baseballcardpedia,,,BBP insertion ratio table (2023 Topps Chrome page)
2023-topps-chrome-baseball-blaster,Rookie Autographs Red Refractor,1.0,36983.0,2.7e-05,Baseballcardpedia,,,BBP insertion ratio table (2023 Topps Chrome page)
2023-topps-chrome-baseball-blaster,Rookie Autographs Refractor,1.0,396.0,0.002525,Baseballcardpedia,,,BBP insertion ratio table (2023 Topps Chrome page)
2023-topps-chrome-baseball-blaster,Sepia Refractor,1.0,4.0,0.25,Baseballcardpedia,,,BBP insertion ratio table (2023 Topps Chrome page)
2023-topps-chrome-baseball-blaster,Super Short Print,1.0,29256.0,3.4e-05,Cardboard Connection,,,"Flagged during pull_rates rebuild, June 2026"
2023-topps-chrome-baseball-blaster,SuperFractor,1.0,65337.0,1.5e-05,Baseballcardpedia,,,BBP insertion ratio table (2023 Topps Chrome page)
2023-topps-chrome-baseball-blaster,TacoFractors,1.0,14628.0,6.8e-05,Baseballcardpedia,,,BBP insertion ratio table (2023 Topps Chrome page)
2023-topps-chrome-baseball-blaster,Titans,1.0,16.0,0.0625,Baseballcardpedia,,,BBP insertion ratio table (2023 Topps Chrome page)
2023-topps-chrome-baseball-blaster,Titans Gold Refractor,1.0,29256.0,3.4e-05,Baseballcardpedia,,,BBP insertion ratio table (2023 Topps Chrome page)
2023-topps-chrome-baseball-blaster,Titans Green Refractor,1.0,14738.0,6.8e-05,Baseballcardpedia,,,BBP insertion ratio table (2023 Topps Chrome page)
2023-topps-chrome-baseball-blaster,Titans Orange Refractor,1.0,59397.0,1.7e-05,Baseballcardpedia,,,BBP insertion ratio table (2023 Topps Chrome page)
2023-topps-chrome-baseball-blaster,Titans Red Refractor,1.0,280013.0,4e-06,Baseballcardpedia,,,BBP insertion ratio table (2023 Topps Chrome page)
2023-topps-chrome-baseball-blaster,Titans SuperFractor,1.0,1960091.0,1e-06,Baseballcardpedia,,,BBP insertion ratio table (2023 Topps Chrome page)
2023-topps-chrome-baseball-blaster,Ultraviolet All-Stars,1.0,346.0,0.00289,Baseballcardpedia,,,BBP insertion ratio table (2023 Topps Chrome page)
2023-topps-chrome-baseball-blaster,Ultraviolet All-Stars Autograph,1.0,32133.0,3.1e-05,Baseballcardpedia,,,BBP insertion ratio table (2023 Topps Chrome page)
2023-topps-chrome-baseball-blaster,Ultraviolet All-Stars Autograph Orange Refractor,1.0,78404.0,1.3e-05,Baseballcardpedia,,,BBP insertion ratio table (2023 Topps Chrome page)
2023-topps-chrome-baseball-blaster,Ultraviolet All-Stars Autograph Printing Plates,1.0,490023.0,2e-06,Baseballcardpedia,,,BBP insertion ratio table (2023 Topps Chrome page)
2023-topps-chrome-baseball-blaster,Ultraviolet All-Stars Autograph Red Refractor,1.0,392019.0,3e-06,Baseballcardpedia,,,BBP insertion ratio table (2023 Topps Chrome page)
2023-topps-chrome-baseball-blaster,Ultraviolet All-Stars Autograph SuperFractor,1.0,1960091.0,1e-06,Baseballcardpedia,,,BBP insertion ratio table (2023 Topps Chrome page)
2023-topps-chrome-baseball-blaster,Ultraviolet All-Stars Gold Refractor,1.0,19601.0,5.1e-05,Baseballcardpedia,,,BBP insertion ratio table (2023 Topps Chrome page)
2023-topps-chrome-baseball-blaster,Ultraviolet All-Stars Green Refractor,1.0,9850.0,0.000102,Baseballcardpedia,,,BBP insertion ratio table (2023 Topps Chrome page)
2023-topps-chrome-baseball-blaster,Ultraviolet All-Stars Orange Refractor,1.0,39202.0,2.6e-05,Baseballcardpedia,,,BBP insertion ratio table (2023 Topps Chrome page)
2023-topps-chrome-baseball-blaster,Ultraviolet All-Stars Red Refractor,1.0,196010.0,5e-06,Baseballcardpedia,,,BBP insertion ratio table (2023 Topps Chrome page)
2023-topps-chrome-baseball-blaster,Ultraviolet All-Stars SuperFractor,1.0,980046.0,1e-06,Baseballcardpedia,,,BBP insertion ratio table (2023 Topps Chrome page)
2023-topps-chrome-baseball-breaker,1988 Topps Autograph,1.0,415.0,0.00241,Baseballcardpedia,,,BBP insertion ratio table (2023 Topps Chrome page)
2023-topps-chrome-baseball-breaker,1988 Topps Autograph Orange Refractor,1.0,859.0,0.001164,Baseballcardpedia,,,BBP insertion ratio table (2023 Topps Chrome page)
2023-topps-chrome-baseball-breaker,1988 Topps Autograph Printing Plates,1.0,6007.0,0.000166,Baseballcardpedia,,,BBP insertion ratio table (2023 Topps Chrome page)
2023-topps-chrome-baseball-breaker,1988 Topps Autograph Red Refractor,1.0,4005.0,0.00025,Baseballcardpedia,,,BBP insertion ratio table (2023 Topps Chrome page)
2023-topps-chrome-baseball-breaker,1988 Topps Autograph SuperFractor,1.0,12014.0,8.3e-05,Baseballcardpedia,,,BBP insertion ratio table (2023 Topps Chrome page)
2023-topps-chrome-baseball-breaker,1988 Topps Gold Refractor,1.0,274.0,0.00365,Baseballcardpedia,,,BBP insertion ratio table (2023 Topps Chrome page)
2023-topps-chrome-baseball-breaker,1988 Topps Green Refractor,1.0,137.0,0.007299,Baseballcardpedia,,,BBP insertion ratio table (2023 Topps Chrome page)
2023-topps-chrome-baseball-breaker,1988 Topps Orange Refractor,1.0,547.0,0.001828,Baseballcardpedia,,,BBP insertion ratio table (2023 Topps Chrome page)
2023-topps-chrome-baseball-breaker,1988 Topps Red Refractor,1.0,3004.0,0.000333,Baseballcardpedia,,,BBP insertion ratio table (2023 Topps Chrome page)
2023-topps-chrome-baseball-breaker,1988 Topps SuperFractor,1.0,12014.0,8.3e-05,Baseballcardpedia,,,BBP insertion ratio table (2023 Topps Chrome page)
2023-topps-chrome-baseball-breaker,2022 Topps Chrome MVP Buybacks Autographs,1.0,6007.0,0.000166,Baseballcardpedia,,,BBP insertion ratio table (2023 Topps Chrome page)
2023-topps-chrome-baseball-breaker,2022 Topps Chrome Prism Refractor MVP Buybacks,1.0,925.0,0.001081,Baseballcardpedia,,,BBP insertion ratio table (2023 Topps Chrome page)
2023-topps-chrome-baseball-breaker,2022 Topps Chrome Refractor MVP Buybacks,1.0,668.0,0.001497,Baseballcardpedia,,,BBP insertion ratio table (2023 Topps Chrome page)
2023-topps-chrome-baseball-breaker,2022 Topps Chrome X-Fractor MVP Buybacks,1.0,1335.0,0.000749,Baseballcardpedia,,,BBP insertion ratio table (2023 Topps Chrome page)
2023-topps-chrome-baseball-breaker,Aqua Lava Refractor,1.0,7.0,0.142857,Baseballcardpedia,,,BBP insertion ratio table (2023 Topps Chrome page)
2023-topps-chrome-baseball-breaker,Aqua Refractor,1.0,7.0,0.142857,Baseballcardpedia,,,BBP insertion ratio table (2023 Topps Chrome page)
2023-topps-chrome-baseball-breaker,Blue Refractor,1.0,9.0,0.111111,Baseballcardpedia,,,BBP insertion ratio table (2023 Topps Chrome page)
2023-topps-chrome-baseball-breaker,Blue Sonar Refractor,1.0,10.0,0.1,Baseballcardpedia,,,BBP insertion ratio table (2023 Topps Chrome page)
2023-topps-chrome-baseball-breaker,Blue Wave Refractor,1.0,97.0,0.010309,Baseballcardpedia,,,BBP insertion ratio table (2023 Topps Chrome page)
2023-topps-chrome-baseball-breaker,Dual Rookie Autographs,1.0,2003.0,0.000499,Baseballcardpedia,,,BBP insertion ratio table (2023 Topps Chrome page)
2023-topps-chrome-baseball-breaker,Dual Rookie Autographs Red Refractor,1.0,12014.0,8.3e-05,Baseballcardpedia,,,BBP insertion ratio table (2023 Topps Chrome page)
2023-topps-chrome-baseball-breaker,Expose,1.0,925.0,0.001081,Baseballcardpedia,,,BBP insertion ratio table (2023 Topps Chrome page)
2023-topps-chrome-baseball-breaker,Expose Red Refractor,1.0,1717.0,0.000582,Baseballcardpedia,,,BBP insertion ratio table (2023 Topps Chrome page)
2023-topps-chrome-baseball-breaker,Expose SuperFractor,1.0,12014.0,8.3e-05,Baseballcardpedia,,,BBP insertion ratio table (2023 Topps Chrome page)
2023-topps-chrome-baseball-breaker,Future Stars Autograph,1.0,859.0,0.001164,Baseballcardpedia,,,BBP insertion ratio table (2023 Topps Chrome page)
2023-topps-chrome-baseball-breaker,Future Stars Autograph Orange Refractor,1.0,2403.0,0.000416,Baseballcardpedia,,,BBP insertion ratio table (2023 Topps Chrome page)
2023-topps-chrome-baseball-breaker,Future Stars Autograph Printing Plates,1.0,12014.0,8.3e-05,Baseballcardpedia,,,BBP insertion ratio table (2023 Topps Chrome page)
2023-topps-chrome-baseball-breaker,Future Stars Autograph Red Refractor,1.0,12014.0,8.3e-05,Baseballcardpedia,,,BBP insertion ratio table (2023 Topps Chrome page)
2023-topps-chrome-baseball-breaker,Future Stars Gold Refractor,1.0,274.0,0.00365,Baseballcardpedia,,,BBP insertion ratio table (2023 Topps Chrome page)
2023-topps-chrome-baseball-breaker,Future Stars Green Refractor,1.0,137.0,0.007299,Baseballcardpedia,,,BBP insertion ratio table (2023 Topps Chrome page)
2023-topps-chrome-baseball-breaker,Future Stars Orange Refractor,1.0,547.0,0.001828,Baseballcardpedia,,,BBP insertion ratio table (2023 Topps Chrome page)
2023-topps-chrome-baseball-breaker,Future Stars Red Refractor,1.0,3004.0,0.000333,Baseballcardpedia,,,BBP insertion ratio table (2023 Topps Chrome page)
2023-topps-chrome-baseball-breaker,Future Stars SuperFractor,1.0,12014.0,8.3e-05,Baseballcardpedia,,,BBP insertion ratio table (2023 Topps Chrome page)
2023-topps-chrome-baseball-breaker,Gimmicks Tier 1,1.0,16.0,0.0625,Baseballcardpedia,,,BBP insertion ratio table (2023 Topps Chrome page)
2023-topps-chrome-baseball-breaker,Gimmicks Tier 1 Gold Speckle Refractor,1.0,274.0,0.00365,Baseballcardpedia,,,BBP insertion ratio table (2023 Topps Chrome page)
2023-topps-chrome-baseball-breaker,Gimmicks Tier 1 Green Speckle Refractor,1.0,137.0,0.007299,Baseballcardpedia,,,BBP insertion ratio table (2023 Topps Chrome page)
2023-topps-chrome-baseball-breaker,Gimmicks Tier 1 Orange Speckle Refractor,1.0,547.0,0.001828,Baseballcardpedia,,,BBP insertion ratio table (2023 Topps Chrome page)
2023-topps-chrome-baseball-breaker,Gimmicks Tier 1 Red Speckle Refractor,1.0,3004.0,0.000333,Baseballcardpedia,,,BBP insertion ratio table (2023 Topps Chrome page)
2023-topps-chrome-baseball-breaker,Gimmicks Tier 1 SuperFractor,1.0,12014.0,8.3e-05,Baseballcardpedia,,,BBP insertion ratio table (2023 Topps Chrome page)
2023-topps-chrome-baseball-breaker,Gimmicks Tier 2,1.0,547.0,0.001828,Baseballcardpedia,,,BBP insertion ratio table (2023 Topps Chrome page)
2023-topps-chrome-baseball-breaker,Gold Refractor,1.0,25.0,0.04,Baseballcardpedia,,,BBP insertion ratio table (2023 Topps Chrome page)
2023-topps-chrome-baseball-breaker,Gold Wave Refractor,1.0,147.0,0.006803,Baseballcardpedia,,,BBP insertion ratio table (2023 Topps Chrome page)
2023-topps-chrome-baseball-breaker,Green Refractor,1.0,13.0,0.076923,Baseballcardpedia,,,BBP insertion ratio table (2023 Topps Chrome page)
2023-topps-chrome-baseball-breaker,Green Sonar Refractor,1.0,13.0,0.076923,Baseballcardpedia,,,BBP insertion ratio table (2023 Topps Chrome page)
2023-topps-chrome-baseball-breaker,Green Wave Refractor,1.0,74.0,0.013514,Baseballcardpedia,,,BBP insertion ratio table (2023 Topps Chrome page)
2023-topps-chrome-baseball-breaker,Hidden Gems,,,,Unavailable,,NO ODDS DATA FOUND. No insertion ratio published on Baseballcardpedia 2023 Topps Chrome page (linked subsection page does not exist). Cross-check Cardboard Connection/Beckett before full seed.,"Flagged during pull_rates rebuild, June 2026"
2023-topps-chrome-baseball-breaker,In Technicolor Autographs,1.0,223.0,0.004484,Baseballcardpedia,,,BBP insertion ratio table (2023 Topps Chrome page)
2023-topps-chrome-baseball-breaker,In Technicolor Autographs Orange Refractor,1.0,707.0,0.001414,Baseballcardpedia,,,BBP insertion ratio table (2023 Topps Chrome page)
2023-topps-chrome-baseball-breaker,In Technicolor Autographs Printing Plates,1.0,4005.0,0.00025,Baseballcardpedia,,,BBP insertion ratio table (2023 Topps Chrome page)
2023-topps-chrome-baseball-breaker,In Technicolor Autographs Red Refractor,1.0,3004.0,0.000333,Baseballcardpedia,,,BBP insertion ratio table (2023 Topps Chrome page)
2023-topps-chrome-baseball-breaker,In Technicolor Autographs SuperFractor,1.0,12014.0,8.3e-05,Baseballcardpedia,,,BBP insertion ratio table (2023 Topps Chrome page)
2023-topps-chrome-baseball-breaker,In Technicolor Gold Refractor,1.0,219.0,0.004566,Baseballcardpedia,,,BBP insertion ratio table (2023 Topps Chrome page)
2023-topps-chrome-baseball-breaker,In Technicolor Orange Refractor,1.0,430.0,0.002326,Baseballcardpedia,,,BBP insertion ratio table (2023 Topps Chrome page)
2023-topps-chrome-baseball-breaker,In Technicolor Red Refractor,1.0,2003.0,0.000499,Baseballcardpedia,,,BBP insertion ratio table (2023 Topps Chrome page)
2023-topps-chrome-baseball-breaker,In Technicolor SuperFractor,1.0,12014.0,8.3e-05,Baseballcardpedia,,,BBP insertion ratio table (2023 Topps Chrome page)
2023-topps-chrome-baseball-breaker,Legends Autographs,1.0,19.0,0.052632,Baseballcardpedia,,,BBP insertion ratio table (2023 Topps Chrome page)
2023-topps-chrome-baseball-breaker,Legends Autographs Orange Refractor,1.0,38.0,0.026316,Baseballcardpedia,,,BBP insertion ratio table (2023 Topps Chrome page)
2023-topps-chrome-baseball-breaker,Legends Autographs Red Refractor,1.0,175.0,0.005714,Baseballcardpedia,,,BBP insertion ratio table (2023 Topps Chrome page)
2023-topps-chrome-baseball-breaker,Legends Autographs SuperFractor,1.0,859.0,0.001164,Baseballcardpedia,,,BBP insertion ratio table (2023 Topps Chrome page)
2023-topps-chrome-baseball-breaker,Let's Go!,1.0,365.0,0.00274,Baseballcardpedia,,,BBP insertion ratio table (2023 Topps Chrome page)
2023-topps-chrome-baseball-breaker,Let's Go! Red Refractor,1.0,4005.0,0.00025,Baseballcardpedia,,,BBP insertion ratio table (2023 Topps Chrome page)
2023-topps-chrome-baseball-breaker,Let's Go! SuperFractor,1.0,12014.0,8.3e-05,Baseballcardpedia,,,BBP insertion ratio table (2023 Topps Chrome page)
2023-topps-chrome-baseball-breaker,Magenta Refractor,1.0,4.0,0.25,Baseballcardpedia,,,BBP insertion ratio table (2023 Topps Chrome page)
2023-topps-chrome-baseball-breaker,Magenta Speckle Refractor,1.0,4.0,0.25,Baseballcardpedia,,,BBP insertion ratio table (2023 Topps Chrome page)
2023-topps-chrome-baseball-breaker,Negative Refractor,1.0,4.0,0.25,Baseballcardpedia,,,BBP insertion ratio table (2023 Topps Chrome page)
2023-topps-chrome-baseball-breaker,Orange Wave Refractor,1.0,287.0,0.003484,Baseballcardpedia,,,BBP insertion ratio table (2023 Topps Chrome page)
2023-topps-chrome-baseball-breaker,Printing Plates,1.0,317.0,0.003155,Baseballcardpedia,,,BBP insertion ratio table (2023 Topps Chrome page)
2023-topps-chrome-baseball-breaker,Purple Refractor,1.0,5.0,0.2,Baseballcardpedia,,,BBP insertion ratio table (2023 Topps Chrome page)
2023-topps-chrome-baseball-breaker,Purple Speckle Refractor,1.0,5.0,0.2,Baseballcardpedia,,,BBP insertion ratio table (2023 Topps Chrome page)
2023-topps-chrome-baseball-breaker,Radiating Rookies,1.0,31.0,0.032258,Baseballcardpedia,,,BBP insertion ratio table (2023 Topps Chrome page)
2023-topps-chrome-baseball-breaker,Radiating Rookies Autographs,1.0,430.0,0.002326,Baseballcardpedia,,,BBP insertion ratio table (2023 Topps Chrome page)
2023-topps-chrome-baseball-breaker,Radiating Rookies Autographs SuperFractor,1.0,12014.0,8.3e-05,Baseballcardpedia,,,BBP insertion ratio table (2023 Topps Chrome page)
2023-topps-chrome-baseball-breaker,Red Refractor,1.0,251.0,0.003984,Baseballcardpedia,,,BBP insertion ratio table (2023 Topps Chrome page)
2023-topps-chrome-baseball-breaker,Red Wave Refractor,1.0,1502.0,0.000666,Baseballcardpedia,,,BBP insertion ratio table (2023 Topps Chrome page)
2023-topps-chrome-baseball-breaker,Refractor,7.0,1.0,7.0,Baseballcardpedia,Guaranteed 7 per pack (BBP distribution note),"GUARANTEED PULL, not probabilistic odds -- pull_probability > 1.0 intentionally. Per SCHEMA-AND-DATA.md, guaranteed pulls belong in a separate box_guarantees table (probability=1.0) once that table is populated for this set. Left here for now so data isn't lost.",BBP insertion ratio table (2023 Topps Chrome page)
2023-topps-chrome-baseball-breaker,Rookie Autographs,1.0,2.0,0.5,Baseballcardpedia,,,BBP insertion ratio table (2023 Topps Chrome page)
2023-topps-chrome-baseball-breaker,Rookie Autographs Aqua Wave Refractor,1.0,11.0,0.090909,Baseballcardpedia,,,BBP insertion ratio table (2023 Topps Chrome page)
2023-topps-chrome-baseball-breaker,Rookie Autographs Black & White Mini Diamond Refractor,1.0,4.0,0.25,Baseballcardpedia,,,BBP insertion ratio table (2023 Topps Chrome page)
2023-topps-chrome-baseball-breaker,Rookie Autographs Blue RayWave Refractor,1.0,14.0,0.071429,Baseballcardpedia,,,BBP insertion ratio table (2023 Topps Chrome page)
2023-topps-chrome-baseball-breaker,Rookie Autographs Blue Refractor,1.0,14.0,0.071429,Baseballcardpedia,,,BBP insertion ratio table (2023 Topps Chrome page)
2023-topps-chrome-baseball-breaker,Rookie Autographs Gold Refractor,1.0,40.0,0.025,Baseballcardpedia,,,BBP insertion ratio table (2023 Topps Chrome page)
2023-topps-chrome-baseball-breaker,Rookie Autographs Gold Wave Refractor,1.0,24.0,0.041667,Baseballcardpedia,,,BBP insertion ratio table (2023 Topps Chrome page)
2023-topps-chrome-baseball-breaker,Rookie Autographs Orange Wave Refractor,1.0,47.0,0.021277,Baseballcardpedia,,,BBP insertion ratio table (2023 Topps Chrome page)
2023-topps-chrome-baseball-breaker,Rookie Autographs Printing Plates,1.0,501.0,0.001996,Baseballcardpedia,,,BBP insertion ratio table (2023 Topps Chrome page)
2023-topps-chrome-baseball-breaker,Rookie Autographs Purple Refractor,1.0,9.0,0.111111,Baseballcardpedia,,,BBP insertion ratio table (2023 Topps Chrome page)
2023-topps-chrome-baseball-breaker,Rookie Autographs Purple Speckle Refractor,1.0,8.0,0.125,Baseballcardpedia,,,BBP insertion ratio table (2023 Topps Chrome page)
2023-topps-chrome-baseball-breaker,Rookie Autographs Red Refractor,1.0,401.0,0.002494,Baseballcardpedia,,,BBP insertion ratio table (2023 Topps Chrome page)
2023-topps-chrome-baseball-breaker,Rookie Autographs Red Wave Refractor,1.0,232.0,0.00431,Baseballcardpedia,,,BBP insertion ratio table (2023 Topps Chrome page)
2023-topps-chrome-baseball-breaker,Rookie Autographs Refractor,1.0,5.0,0.2,Baseballcardpedia,,,BBP insertion ratio table (2023 Topps Chrome page)
2023-topps-chrome-baseball-breaker,Rookie Autographs SuperFractor,1.0,1202.0,0.000832,Baseballcardpedia,,,BBP insertion ratio table (2023 Topps Chrome page)
2023-topps-chrome-baseball-breaker,Super Short Print,1.0,547.0,0.001828,Cardboard Connection,,,"Flagged during pull_rates rebuild, June 2026"
2023-topps-chrome-baseball-breaker,SuperFractor,1.0,1202.0,0.000832,Baseballcardpedia,,,BBP insertion ratio table (2023 Topps Chrome page)
2023-topps-chrome-baseball-breaker,TacoFractors,1.0,274.0,0.00365,Baseballcardpedia,,,BBP insertion ratio table (2023 Topps Chrome page)
2023-topps-chrome-baseball-breaker,Titans Gold Refractor,1.0,547.0,0.001828,Baseballcardpedia,,,BBP insertion ratio table (2023 Topps Chrome page)
2023-topps-chrome-baseball-breaker,Titans Green Refractor,1.0,274.0,0.00365,Baseballcardpedia,,,BBP insertion ratio table (2023 Topps Chrome page)
2023-topps-chrome-baseball-breaker,Titans Orange Refractor,1.0,1093.0,0.000915,Baseballcardpedia,,,BBP insertion ratio table (2023 Topps Chrome page)
2023-topps-chrome-baseball-breaker,Titans Red Refractor,1.0,6007.0,0.000166,Baseballcardpedia,,,BBP insertion ratio table (2023 Topps Chrome page)
2023-topps-chrome-baseball-breaker,Ultraviolet All-Stars,1.0,30.0,0.033333,Baseballcardpedia,,,BBP insertion ratio table (2023 Topps Chrome page)
2023-topps-chrome-baseball-breaker,Ultraviolet All-Stars Autograph,1.0,344.0,0.002907,Baseballcardpedia,,,BBP insertion ratio table (2023 Topps Chrome page)
2023-topps-chrome-baseball-breaker,Ultraviolet All-Stars Autograph Orange Refractor,1.0,859.0,0.001164,Baseballcardpedia,,,BBP insertion ratio table (2023 Topps Chrome page)
2023-topps-chrome-baseball-breaker,Ultraviolet All-Stars Autograph Printing Plates,1.0,6007.0,0.000166,Baseballcardpedia,,,BBP insertion ratio table (2023 Topps Chrome page)
2023-topps-chrome-baseball-breaker,Ultraviolet All-Stars Autograph Red Refractor,1.0,4005.0,0.00025,Baseballcardpedia,,,BBP insertion ratio table (2023 Topps Chrome page)
2023-topps-chrome-baseball-breaker,Ultraviolet All-Stars Autograph SuperFractor,1.0,12014.0,8.3e-05,Baseballcardpedia,,,BBP insertion ratio table (2023 Topps Chrome page)
2023-topps-chrome-baseball-breaker,Ultraviolet All-Stars Gold Refractor,1.0,365.0,0.00274,Baseballcardpedia,,,BBP insertion ratio table (2023 Topps Chrome page)
2023-topps-chrome-baseball-breaker,Ultraviolet All-Stars Green Refractor,1.0,183.0,0.005464,Baseballcardpedia,,,BBP insertion ratio table (2023 Topps Chrome page)
2023-topps-chrome-baseball-breaker,Ultraviolet All-Stars Orange Refractor,1.0,707.0,0.001414,Baseballcardpedia,,,BBP insertion ratio table (2023 Topps Chrome page)
2023-topps-chrome-baseball-breaker,Ultraviolet All-Stars Red Refractor,1.0,4005.0,0.00025,Baseballcardpedia,,,BBP insertion ratio table (2023 Topps Chrome page)
2023-topps-chrome-baseball-breaker,Ultraviolet All-Stars SuperFractor,1.0,12014.0,8.3e-05,Baseballcardpedia,,,BBP insertion ratio table (2023 Topps Chrome page)
2023-topps-chrome-baseball-breaker,YouthQuake,1.0,2.0,0.5,Baseballcardpedia,,,BBP insertion ratio table (2023 Topps Chrome page)
2023-topps-chrome-baseball-breaker,YouthQuake Gold Refractor,1.0,6.0,0.166667,Baseballcardpedia,,,BBP insertion ratio table (2023 Topps Chrome page)
2023-topps-chrome-baseball-breaker,YouthQuake Green Refractor,1.0,3.0,0.333333,Baseballcardpedia,,,BBP insertion ratio table (2023 Topps Chrome page)
2023-topps-chrome-baseball-breaker,YouthQuake Orange Refractor,1.0,11.0,0.090909,Baseballcardpedia,,,BBP insertion ratio table (2023 Topps Chrome page)
2023-topps-chrome-baseball-breaker,YouthQuake Red Refractor,1.0,51.0,0.019608,Baseballcardpedia,,,BBP insertion ratio table (2023 Topps Chrome page)
2023-topps-chrome-baseball-breaker,YouthQuake SuperFractor,1.0,246.0,0.004065,Baseballcardpedia,,,BBP insertion ratio table (2023 Topps Chrome page)
2023-topps-chrome-baseball-hobby,1988 Topps,1.0,6.0,0.166667,Baseballcardpedia,,,BBP insertion ratio table (2023 Topps Chrome page)
2023-topps-chrome-baseball-hobby,1988 Topps Autograph,1.0,16709.0,6e-05,Baseballcardpedia,,,BBP insertion ratio table (2023 Topps Chrome page)
2023-topps-chrome-baseball-hobby,1988 Topps Autograph Orange Refractor,1.0,33418.0,3e-05,Baseballcardpedia,,,BBP insertion ratio table (2023 Topps Chrome page)
2023-topps-chrome-baseball-hobby,1988 Topps Autograph Printing Plates,1.0,206076.0,5e-06,Baseballcardpedia,,,BBP insertion ratio table (2023 Topps Chrome page)
2023-topps-chrome-baseball-hobby,1988 Topps Autograph Red Refractor,1.0,164861.0,6e-06,Baseballcardpedia,,,BBP insertion ratio table (2023 Topps Chrome page)
2023-topps-chrome-baseball-hobby,1988 Topps Autograph SuperFractor,1.0,824304.0,1e-06,Baseballcardpedia,,,BBP insertion ratio table (2023 Topps Chrome page)
2023-topps-chrome-baseball-hobby,1988 Topps Gold Refractor,1.0,8440.0,0.000118,Baseballcardpedia,,,BBP insertion ratio table (2023 Topps Chrome page)
2023-topps-chrome-baseball-hobby,1988 Topps Green Refractor,1.0,4264.0,0.000235,Baseballcardpedia,,,BBP insertion ratio table (2023 Topps Chrome page)
2023-topps-chrome-baseball-hobby,1988 Topps Orange Refractor,1.0,16938.0,5.9e-05,Baseballcardpedia,,,BBP insertion ratio table (2023 Topps Chrome page)
2023-topps-chrome-baseball-hobby,1988 Topps Red Refractor,1.0,85273.0,1.2e-05,Baseballcardpedia,,,BBP insertion ratio table (2023 Topps Chrome page)
2023-topps-chrome-baseball-hobby,1988 Topps SuperFractor,1.0,412152.0,2e-06,Baseballcardpedia,,,BBP insertion ratio table (2023 Topps Chrome page)
2023-topps-chrome-baseball-hobby,2022 Topps Chrome MVP Buybacks Autographs,1.0,224811.0,4e-06,Baseballcardpedia,,,BBP insertion ratio table (2023 Topps Chrome page)
2023-topps-chrome-baseball-hobby,2022 Topps Chrome Prism Refractor MVP Buybacks,1.0,28102.0,3.6e-05,Baseballcardpedia,,,BBP insertion ratio table (2023 Topps Chrome page)
2023-topps-chrome-baseball-hobby,2022 Topps Chrome Refractor MVP Buybacks,1.0,21136.0,4.7e-05,Baseballcardpedia,,,BBP insertion ratio table (2023 Topps Chrome page)
2023-topps-chrome-baseball-hobby,2022 Topps Chrome X-Fractor MVP Buybacks,1.0,42637.0,2.3e-05,Baseballcardpedia,,,BBP insertion ratio table (2023 Topps Chrome page)
2023-topps-chrome-baseball-hobby,Aqua Lava Refractor,1.0,193.0,0.005181,Baseballcardpedia,,,BBP insertion ratio table (2023 Topps Chrome page)
2023-topps-chrome-baseball-hobby,Aqua Refractor,1.0,193.0,0.005181,Baseballcardpedia,,,BBP insertion ratio table (2023 Topps Chrome page)
2023-topps-chrome-baseball-hobby,Authentics,1.0,575.0,0.001739,Baseballcardpedia,,,BBP insertion ratio table (2023 Topps Chrome page)
2023-topps-chrome-baseball-hobby,Authentics Autographs,1.0,4693.0,0.000213,Baseballcardpedia,,,BBP insertion ratio table (2023 Topps Chrome page)
2023-topps-chrome-baseball-hobby,Authentics Gold Refractor,1.0,2160.0,0.000463,Baseballcardpedia,,,BBP insertion ratio table (2023 Topps Chrome page)
2023-topps-chrome-baseball-hobby,Authentics Green Refractor,1.0,1277.0,0.000783,Baseballcardpedia,,,BBP insertion ratio table (2023 Topps Chrome page)
2023-topps-chrome-baseball-hobby,Authentics Orange Refractor,1.0,4521.0,0.000221,Baseballcardpedia,,,BBP insertion ratio table (2023 Topps Chrome page)
2023-topps-chrome-baseball-hobby,Authentics Red Refractor,1.0,23330.0,4.3e-05,Baseballcardpedia,,,BBP insertion ratio table (2023 Topps Chrome page)
2023-topps-chrome-baseball-hobby,Authentics SuperFractor,1.0,112406.0,9e-06,Baseballcardpedia,,,BBP insertion ratio table (2023 Topps Chrome page)
2023-topps-chrome-baseball-hobby,Blue Refractor,1.0,256.0,0.003906,Baseballcardpedia,,,BBP insertion ratio table (2023 Topps Chrome page)
2023-topps-chrome-baseball-hobby,Blue Sonar Refractor,1.0,308.0,0.003247,Baseballcardpedia,,,BBP insertion ratio table (2023 Topps Chrome page)
2023-topps-chrome-baseball-hobby,Blue Wave Refractor,1.0,289.0,0.00346,Baseballcardpedia,,,BBP insertion ratio table (2023 Topps Chrome page)
2023-topps-chrome-baseball-hobby,Dual Rookie Autographs,1.0,79772.0,1.3e-05,Baseballcardpedia,,,BBP insertion ratio table (2023 Topps Chrome page)
2023-topps-chrome-baseball-hobby,Dual Rookie Autographs Red Refractor,1.0,412152.0,2e-06,Baseballcardpedia,,,BBP insertion ratio table (2023 Topps Chrome page)
2023-topps-chrome-baseball-hobby,Dual Rookie Autographs SuperFractor,1.0,2472912.0,,Baseballcardpedia,,,BBP insertion ratio table (2023 Topps Chrome page)
2023-topps-chrome-baseball-hobby,Expose,1.0,28102.0,3.6e-05,Baseballcardpedia,,,BBP insertion ratio table (2023 Topps Chrome page)
2023-topps-chrome-baseball-hobby,Expose Red Refractor,1.0,56203.0,1.8e-05,Baseballcardpedia,,,BBP insertion ratio table (2023 Topps Chrome page)
2023-topps-chrome-baseball-hobby,Expose SuperFractor,1.0,274768.0,4e-06,Baseballcardpedia,,,BBP insertion ratio table (2023 Topps Chrome page)
2023-topps-chrome-baseball-hobby,Future Stars,1.0,16.0,0.0625,Baseballcardpedia,,,BBP insertion ratio table (2023 Topps Chrome page)
2023-topps-chrome-baseball-hobby,Future Stars Autograph,1.0,33876.0,3e-05,Baseballcardpedia,,,BBP insertion ratio table (2023 Topps Chrome page)
2023-topps-chrome-baseball-hobby,Future Stars Autograph Orange Refractor,1.0,98917.0,1e-05,Baseballcardpedia,,,BBP insertion ratio table (2023 Topps Chrome page)
2023-topps-chrome-baseball-hobby,Future Stars Autograph Printing Plates,1.0,618228.0,2e-06,Baseballcardpedia,,,BBP insertion ratio table (2023 Topps Chrome page)
2023-topps-chrome-baseball-hobby,Future Stars Autograph Red Refractor,1.0,494583.0,2e-06,Baseballcardpedia,,,BBP insertion ratio table (2023 Topps Chrome page)
2023-topps-chrome-baseball-hobby,Future Stars Autograph SuperFractor,1.0,2472912.0,4.044e-07,Baseballcardpedia,,,BBP insertion ratio table (2023 Topps Chrome page)
2023-topps-chrome-baseball-hobby,Future Stars Gold Refractor,1.0,8440.0,0.000118,Baseballcardpedia,,,BBP insertion ratio table (2023 Topps Chrome page)
2023-topps-chrome-baseball-hobby,Future Stars Green Refractor,1.0,4264.0,0.000235,Baseballcardpedia,,,BBP insertion ratio table (2023 Topps Chrome page)
2023-topps-chrome-baseball-hobby,Future Stars Orange Refractor,1.0,16938.0,5.9e-05,Baseballcardpedia,,,BBP insertion ratio table (2023 Topps Chrome page)
2023-topps-chrome-baseball-hobby,Future Stars Red Refractor,1.0,85273.0,1.2e-05,Baseballcardpedia,,,BBP insertion ratio table (2023 Topps Chrome page)
2023-topps-chrome-baseball-hobby,Future Stars SuperFractor,1.0,412152.0,2e-06,Baseballcardpedia,,,BBP insertion ratio table (2023 Topps Chrome page)
2023-topps-chrome-baseball-hobby,Gimmicks Tier 1,1.0,497.0,0.002012,Baseballcardpedia,,,BBP insertion ratio table (2023 Topps Chrome page)
2023-topps-chrome-baseball-hobby,Gimmicks Tier 1 Gold Speckle Refractor,1.0,8440.0,0.000118,Baseballcardpedia,,,BBP insertion ratio table (2023 Topps Chrome page)
2023-topps-chrome-baseball-hobby,Gimmicks Tier 1 Green Speckle Refractor,1.0,4264.0,0.000235,Baseballcardpedia,,,BBP insertion ratio table (2023 Topps Chrome page)
2023-topps-chrome-baseball-hobby,Gimmicks Tier 1 Orange Speckle Refractor,1.0,16938.0,5.9e-05,Baseballcardpedia,,,BBP insertion ratio table (2023 Topps Chrome page)
2023-topps-chrome-baseball-hobby,Gimmicks Tier 1 Red Speckle Refractor,1.0,85273.0,1.2e-05,Baseballcardpedia,,,BBP insertion ratio table (2023 Topps Chrome page)
2023-topps-chrome-baseball-hobby,Gimmicks Tier 1 SuperFractor,1.0,412152.0,2e-06,Baseballcardpedia,,,BBP insertion ratio table (2023 Topps Chrome page)
2023-topps-chrome-baseball-hobby,Gimmicks Tier 2,1.0,16938.0,5.9e-05,Baseballcardpedia,,,BBP insertion ratio table (2023 Topps Chrome page)
2023-topps-chrome-baseball-hobby,Gold Refractor,1.0,768.0,0.001302,Baseballcardpedia,,,BBP insertion ratio table (2023 Topps Chrome page)
2023-topps-chrome-baseball-hobby,Gold Wave Refractor,1.0,433.0,0.002309,Baseballcardpedia,,,BBP insertion ratio table (2023 Topps Chrome page)
2023-topps-chrome-baseball-hobby,Green Refractor,1.0,388.0,0.002577,Baseballcardpedia,,,BBP insertion ratio table (2023 Topps Chrome page)
2023-topps-chrome-baseball-hobby,Green Sonar Refractor,1.0,388.0,0.002577,Baseballcardpedia,,,BBP insertion ratio table (2023 Topps Chrome page)
2023-topps-chrome-baseball-hobby,Green Wave Refractor,1.0,219.0,0.004566,Baseballcardpedia,,,BBP insertion ratio table (2023 Topps Chrome page)
2023-topps-chrome-baseball-hobby,Hidden Gems,,,,Unavailable,,NO ODDS DATA FOUND. No insertion ratio published on Baseballcardpedia 2023 Topps Chrome page (linked subsection page does not exist). Cross-check Cardboard Connection/Beckett before full seed.,"Flagged during pull_rates rebuild, June 2026"
2023-topps-chrome-baseball-hobby,In Technicolor,1.0,24.0,0.041667,Baseballcardpedia,,,BBP insertion ratio table (2023 Topps Chrome page)
2023-topps-chrome-baseball-hobby,In Technicolor Autographs,1.0,8993.0,0.000111,Baseballcardpedia,,,BBP insertion ratio table (2023 Topps Chrome page)
2023-topps-chrome-baseball-hobby,In Technicolor Autographs Orange Refractor,1.0,27786.0,3.6e-05,Baseballcardpedia,,,BBP insertion ratio table (2023 Topps Chrome page)
2023-topps-chrome-baseball-hobby,In Technicolor Autographs Printing Plates,1.0,164861.0,6e-06,Baseballcardpedia,,,BBP insertion ratio table (2023 Topps Chrome page)
2023-topps-chrome-baseball-hobby,In Technicolor Autographs Red Refractor,1.0,137384.0,7e-06,Baseballcardpedia,,,BBP insertion ratio table (2023 Topps Chrome page)
2023-topps-chrome-baseball-hobby,In Technicolor Autographs SuperFractor,1.0,618228.0,2e-06,Baseballcardpedia,,,BBP insertion ratio table (2023 Topps Chrome page)
2023-topps-chrome-baseball-hobby,In Technicolor Gold Refractor,1.0,6757.0,0.000148,Baseballcardpedia,,,BBP insertion ratio table (2023 Topps Chrome page)
2023-topps-chrome-baseball-hobby,In Technicolor Orange Refractor,1.0,13514.0,7.4e-05,Baseballcardpedia,,,BBP insertion ratio table (2023 Topps Chrome page)
2023-topps-chrome-baseball-hobby,In Technicolor Red Refractor,1.0,66836.0,1.5e-05,Baseballcardpedia,,,BBP insertion ratio table (2023 Topps Chrome page)
2023-topps-chrome-baseball-hobby,In Technicolor SuperFractor,1.0,353274.0,3e-06,Baseballcardpedia,,,BBP insertion ratio table (2023 Topps Chrome page)
2023-topps-chrome-baseball-hobby,Let's Go!,1.0,11241.0,8.9e-05,Baseballcardpedia,,,BBP insertion ratio table (2023 Topps Chrome page)
2023-topps-chrome-baseball-hobby,Let's Go! Red Refractor,1.0,112406.0,9e-06,Baseballcardpedia,,,BBP insertion ratio table (2023 Topps Chrome page)
2023-topps-chrome-baseball-hobby,Let's Go! SuperFractor,1.0,618228.0,2e-06,Baseballcardpedia,,,BBP insertion ratio table (2023 Topps Chrome page)
2023-topps-chrome-baseball-hobby,Magenta Refractor,1.0,96.0,0.010417,Baseballcardpedia,,,BBP insertion ratio table (2023 Topps Chrome page)
2023-topps-chrome-baseball-hobby,Magenta Speckle Refractor,1.0,109.0,0.009174,Baseballcardpedia,,,BBP insertion ratio table (2023 Topps Chrome page)
2023-topps-chrome-baseball-hobby,Negative Refractor,1.0,96.0,0.010417,Baseballcardpedia,,,BBP insertion ratio table (2023 Topps Chrome page)
2023-topps-chrome-baseball-hobby,Orange Refractor,1.0,471.0,0.002123,Baseballcardpedia,,,BBP insertion ratio table (2023 Topps Chrome page)
2023-topps-chrome-baseball-hobby,Orange Wave Refractor,1.0,866.0,0.001155,Baseballcardpedia,,,BBP insertion ratio table (2023 Topps Chrome page)
2023-topps-chrome-baseball-hobby,Printing Plates,1.0,9585.0,0.000104,Baseballcardpedia,,,BBP insertion ratio table (2023 Topps Chrome page)
2023-topps-chrome-baseball-hobby,Prism Refractor,1.0,6.0,0.166667,Baseballcardpedia,,,BBP insertion ratio table (2023 Topps Chrome page)
2023-topps-chrome-baseball-hobby,Purple Refractor,1.0,153.0,0.006536,Baseballcardpedia,,,BBP insertion ratio table (2023 Topps Chrome page)
2023-topps-chrome-baseball-hobby,Purple Speckle Refractor,1.0,128.0,0.007812,Baseballcardpedia,,,BBP insertion ratio table (2023 Topps Chrome page)
2023-topps-chrome-baseball-hobby,Radiating Rookies,1.0,686.0,0.001458,Baseballcardpedia,,,BBP insertion ratio table (2023 Topps Chrome page)
2023-topps-chrome-baseball-hobby,Radiating Rookies Autographs,1.0,20438.0,4.9e-05,Baseballcardpedia,,,BBP insertion ratio table (2023 Topps Chrome page)
2023-topps-chrome-baseball-hobby,Radiating Rookies Autographs SuperFractor,1.0,494583.0,2e-06,Baseballcardpedia,,,BBP insertion ratio table (2023 Topps Chrome page)
2023-topps-chrome-baseball-hobby,Radiating Rookies SuperFractor,1.0,247292.0,4e-06,Baseballcardpedia,,,BBP insertion ratio table (2023 Topps Chrome page)
2023-topps-chrome-baseball-hobby,Red Refractor,1.0,7680.0,0.00013,Baseballcardpedia,,,BBP insertion ratio table (2023 Topps Chrome page)
2023-topps-chrome-baseball-hobby,Red Wave Refractor,1.0,4324.0,0.000231,Baseballcardpedia,,,BBP insertion ratio table (2023 Topps Chrome page)
2023-topps-chrome-baseball-hobby,Refractor,1.0,3.0,0.333333,Baseballcardpedia,,,BBP insertion ratio table (2023 Topps Chrome page)
2023-topps-chrome-baseball-hobby,Rookie Autographs,1.0,52.0,0.019231,Baseballcardpedia,,,BBP insertion ratio table (2023 Topps Chrome page)
2023-topps-chrome-baseball-hobby,Rookie Autographs Aqua Wave Refractor,1.0,406.0,0.002463,Baseballcardpedia,,,BBP insertion ratio table (2023 Topps Chrome page)
2023-topps-chrome-baseball-hobby,Rookie Autographs Blue RayWave Refractor,1.0,546.0,0.001832,Baseballcardpedia,,,BBP insertion ratio table (2023 Topps Chrome page)
2023-topps-chrome-baseball-hobby,Rookie Autographs Blue Refractor,1.0,541.0,0.001848,Baseballcardpedia,,,BBP insertion ratio table (2023 Topps Chrome page)
2023-topps-chrome-baseball-hobby,Rookie Autographs Gold Refractor,1.0,1596.0,0.000627,Baseballcardpedia,,,BBP insertion ratio table (2023 Topps Chrome page)
2023-topps-chrome-baseball-hobby,Rookie Autographs Gold Wave Refractor,1.0,1128.0,0.000887,Baseballcardpedia,,,BBP insertion ratio table (2023 Topps Chrome page)
2023-topps-chrome-baseball-hobby,Rookie Autographs Orange Refractor,1.0,805.0,0.001242,Baseballcardpedia,,,BBP insertion ratio table (2023 Topps Chrome page)
2023-topps-chrome-baseball-hobby,Rookie Autographs Orange Wave Refractor,1.0,2253.0,0.000444,Baseballcardpedia,,,BBP insertion ratio table (2023 Topps Chrome page)
2023-topps-chrome-baseball-hobby,Rookie Autographs Printing Plates,1.0,20270.0,4.9e-05,Baseballcardpedia,,,BBP insertion ratio table (2023 Topps Chrome page)
2023-topps-chrome-baseball-hobby,Rookie Autographs Purple Refractor,1.0,337.0,0.002967,Baseballcardpedia,,,BBP insertion ratio table (2023 Topps Chrome page)
2023-topps-chrome-baseball-hobby,Rookie Autographs Purple Speckle Refractor,1.0,291.0,0.003436,Baseballcardpedia,,,BBP insertion ratio table (2023 Topps Chrome page)
2023-topps-chrome-baseball-hobby,Rookie Autographs Red Refractor,1.0,15955.0,6.3e-05,Baseballcardpedia,,,BBP insertion ratio table (2023 Topps Chrome page)
2023-topps-chrome-baseball-hobby,Rookie Autographs Red Wave Refractor,1.0,11190.0,8.9e-05,Baseballcardpedia,,,BBP insertion ratio table (2023 Topps Chrome page)
2023-topps-chrome-baseball-hobby,Rookie Autographs Refractor,1.0,172.0,0.005814,Baseballcardpedia,,,BBP insertion ratio table (2023 Topps Chrome page)
2023-topps-chrome-baseball-hobby,Rookie Autographs SuperFractor,1.0,56203.0,1.8e-05,Baseballcardpedia,,,BBP insertion ratio table (2023 Topps Chrome page)
2023-topps-chrome-baseball-hobby,Super Short Print,1.0,16938.0,5.9e-05,Cardboard Connection,,,"Flagged during pull_rates rebuild, June 2026"
2023-topps-chrome-baseball-hobby,SuperFractor,1.0,37469.0,2.7e-05,Baseballcardpedia,,,BBP insertion ratio table (2023 Topps Chrome page)
2023-topps-chrome-baseball-hobby,TacoFractors,1.0,8412.0,0.000119,Baseballcardpedia,,,BBP insertion ratio table (2023 Topps Chrome page)
2023-topps-chrome-baseball-hobby,Titans,1.0,12.0,0.083333,Baseballcardpedia,,,BBP insertion ratio table (2023 Topps Chrome page)
2023-topps-chrome-baseball-hobby,Titans Gold Refractor,1.0,18938.0,5.3e-05,Baseballcardpedia,,,BBP insertion ratio table (2023 Topps Chrome page)
2023-topps-chrome-baseball-hobby,Titans Green Refractor,1.0,8528.0,0.000117,Baseballcardpedia,,,BBP insertion ratio table (2023 Topps Chrome page)
2023-topps-chrome-baseball-hobby,Titans Orange Refractor,1.0,33876.0,3e-05,Baseballcardpedia,,,BBP insertion ratio table (2023 Topps Chrome page)
2023-topps-chrome-baseball-hobby,Titans Red Refractor,1.0,164861.0,6e-06,Baseballcardpedia,,,BBP insertion ratio table (2023 Topps Chrome page)
2023-topps-chrome-baseball-hobby,Titans SuperFractor,1.0,824304.0,1e-06,Baseballcardpedia,,,BBP insertion ratio table (2023 Topps Chrome page)
2023-topps-chrome-baseball-hobby,Ultraviolet All-Stars,1.0,686.0,0.001458,Baseballcardpedia,,,BBP insertion ratio table (2023 Topps Chrome page)
2023-topps-chrome-baseball-hobby,Ultraviolet All-Stars Autograph,1.0,13972.0,7.2e-05,Baseballcardpedia,,,BBP insertion ratio table (2023 Topps Chrome page)
2023-topps-chrome-baseball-hobby,Ultraviolet All-Stars Autograph Orange Refractor,1.0,33418.0,3e-05,Baseballcardpedia,,,BBP insertion ratio table (2023 Topps Chrome page)
2023-topps-chrome-baseball-hobby,Ultraviolet All-Stars Autograph Printing Plates,1.0,224811.0,4e-06,Baseballcardpedia,,,BBP insertion ratio table (2023 Topps Chrome page)
2023-topps-chrome-baseball-hobby,Ultraviolet All-Stars Autograph Red Refractor,1.0,164861.0,6e-06,Baseballcardpedia,,,BBP insertion ratio table (2023 Topps Chrome page)
2023-topps-chrome-baseball-hobby,Ultraviolet All-Stars Autograph SuperFractor,1.0,824304.0,1e-06,Baseballcardpedia,,,BBP insertion ratio table (2023 Topps Chrome page)
2023-topps-chrome-baseball-hobby,Ultraviolet All-Stars Gold Refractor,1.0,11241.0,8.9e-05,Baseballcardpedia,,,BBP insertion ratio table (2023 Topps Chrome page)
2023-topps-chrome-baseball-hobby,Ultraviolet All-Stars Green Refractor,1.0,5685.0,0.000176,Baseballcardpedia,,,BBP insertion ratio table (2023 Topps Chrome page)
2023-topps-chrome-baseball-hobby,Ultraviolet All-Stars Orange Refractor,1.0,22482.0,4.4e-05,Baseballcardpedia,,,BBP insertion ratio table (2023 Topps Chrome page)
2023-topps-chrome-baseball-hobby,Ultraviolet All-Stars Red Refractor,1.0,112406.0,9e-06,Baseballcardpedia,,,BBP insertion ratio table (2023 Topps Chrome page)
2023-topps-chrome-baseball-hobby,Ultraviolet All-Stars SuperFractor,1.0,494583.0,2e-06,Baseballcardpedia,,,BBP insertion ratio table (2023 Topps Chrome page)
2023-topps-chrome-baseball-jumbo,1988 Topps,1.0,2.0,0.5,Baseballcardpedia,,,BBP insertion ratio table (2023 Topps Chrome page)
2023-topps-chrome-baseball-jumbo,1988 Topps Autograph,1.0,2700.0,0.00037,Baseballcardpedia,,,BBP insertion ratio table (2023 Topps Chrome page)
2023-topps-chrome-baseball-jumbo,1988 Topps Autograph Orange Refractor,1.0,5423.0,0.000184,Baseballcardpedia,,,BBP insertion ratio table (2023 Topps Chrome page)
2023-topps-chrome-baseball-jumbo,1988 Topps Autograph Printing Plates,1.0,33390.0,3e-05,Baseballcardpedia,,,BBP insertion ratio table (2023 Topps Chrome page)
2023-topps-chrome-baseball-jumbo,1988 Topps Autograph Red Refractor,1.0,26433.0,3.8e-05,Baseballcardpedia,,,BBP insertion ratio table (2023 Topps Chrome page)
2023-topps-chrome-baseball-jumbo,1988 Topps Autograph SuperFractor,1.0,26433.0,3.8e-05,Baseballcardpedia,,,BBP insertion ratio table (2023 Topps Chrome page)
2023-topps-chrome-baseball-jumbo,1988 Topps Gold Refractor,1.0,3668.0,0.000273,Baseballcardpedia,,,BBP insertion ratio table (2023 Topps Chrome page)
2023-topps-chrome-baseball-jumbo,1988 Topps Green Refractor,1.0,1855.0,0.000539,Baseballcardpedia,,,BBP insertion ratio table (2023 Topps Chrome page)
2023-topps-chrome-baseball-jumbo,1988 Topps Orange Refractor,1.0,7377.0,0.000136,Baseballcardpedia,,,BBP insertion ratio table (2023 Topps Chrome page)
2023-topps-chrome-baseball-jumbo,1988 Topps Red Refractor,1.0,37318.0,2.7e-05,Baseballcardpedia,,,BBP insertion ratio table (2023 Topps Chrome page)
2023-topps-chrome-baseball-jumbo,1988 Topps SuperFractor,1.0,211464.0,5e-06,Baseballcardpedia,,,BBP insertion ratio table (2023 Topps Chrome page)
2023-topps-chrome-baseball-jumbo,2022 Topps Chrome MVP Buybacks Autographs,1.0,35244.0,2.8e-05,Baseballcardpedia,,,BBP insertion ratio table (2023 Topps Chrome page)
2023-topps-chrome-baseball-jumbo,2022 Topps Chrome Prism Refractor MVP Buybacks,1.0,12200.0,8.2e-05,Baseballcardpedia,,,BBP insertion ratio table (2023 Topps Chrome page)
2023-topps-chrome-baseball-jumbo,2022 Topps Chrome Refractor MVP Buybacks,1.0,9195.0,0.000109,Baseballcardpedia,,,BBP insertion ratio table (2023 Topps Chrome page)
2023-topps-chrome-baseball-jumbo,2022 Topps Chrome X-Fractor MVP Buybacks,1.0,18659.0,5.4e-05,Baseballcardpedia,,,BBP insertion ratio table (2023 Topps Chrome page)
2023-topps-chrome-baseball-jumbo,Aqua Lava Refractor,1.0,84.0,0.011905,Baseballcardpedia,,,BBP insertion ratio table (2023 Topps Chrome page)
2023-topps-chrome-baseball-jumbo,Aqua Refractor,1.0,84.0,0.011905,Baseballcardpedia,,,BBP insertion ratio table (2023 Topps Chrome page)
2023-topps-chrome-baseball-jumbo,Authentics,1.0,208.0,0.004808,Baseballcardpedia,,,BBP insertion ratio table (2023 Topps Chrome page)
2023-topps-chrome-baseball-jumbo,Authentics Autographs,1.0,782.0,0.001279,Baseballcardpedia,,,BBP insertion ratio table (2023 Topps Chrome page)
2023-topps-chrome-baseball-jumbo,Authentics Gold Refractor,1.0,781.0,0.00128,Baseballcardpedia,,,BBP insertion ratio table (2023 Topps Chrome page)
2023-topps-chrome-baseball-jumbo,Authentics Green Refractor,1.0,462.0,0.002165,Baseballcardpedia,,,BBP insertion ratio table (2023 Topps Chrome page)
2023-topps-chrome-baseball-jumbo,Authentics Orange Refractor,1.0,1392.0,0.000718,Baseballcardpedia,,,BBP insertion ratio table (2023 Topps Chrome page)
2023-topps-chrome-baseball-jumbo,Authentics Red Refractor,1.0,7209.0,0.000139,Baseballcardpedia,,,BBP insertion ratio table (2023 Topps Chrome page)
2023-topps-chrome-baseball-jumbo,Authentics SuperFractor,1.0,33390.0,3e-05,Baseballcardpedia,,,BBP insertion ratio table (2023 Topps Chrome page)
2023-topps-chrome-baseball-jumbo,Blue Refractor,1.0,112.0,0.008929,Baseballcardpedia,,,BBP insertion ratio table (2023 Topps Chrome page)
2023-topps-chrome-baseball-jumbo,Blue Sonar Refractor,1.0,134.0,0.007463,Baseballcardpedia,,,BBP insertion ratio table (2023 Topps Chrome page)
2023-topps-chrome-baseball-jumbo,Blue Wave Refractor,1.0,89.0,0.011236,Baseballcardpedia,,,BBP insertion ratio table (2023 Topps Chrome page)
2023-topps-chrome-baseball-jumbo,Dual Rookie Autographs,1.0,12947.0,7.7e-05,Baseballcardpedia,,,BBP insertion ratio table (2023 Topps Chrome page)
2023-topps-chrome-baseball-jumbo,Dual Rookie Autographs Red Refractor,1.0,63440.0,1.6e-05,Baseballcardpedia,,,BBP insertion ratio table (2023 Topps Chrome page)
2023-topps-chrome-baseball-jumbo,Dual Rookie Autographs SuperFractor,1.0,317196.0,3e-06,Baseballcardpedia,,,BBP insertion ratio table (2023 Topps Chrome page)
2023-topps-chrome-baseball-jumbo,Expose,1.0,12200.0,8.2e-05,Baseballcardpedia,,,BBP insertion ratio table (2023 Topps Chrome page)
2023-topps-chrome-baseball-jumbo,Expose Red Refractor,1.0,24400.0,4.1e-05,Baseballcardpedia,,,BBP insertion ratio table (2023 Topps Chrome page)
2023-topps-chrome-baseball-jumbo,Expose SuperFractor,1.0,126879.0,8e-06,Baseballcardpedia,,,BBP insertion ratio table (2023 Topps Chrome page)
2023-topps-chrome-baseball-jumbo,Future Stars,1.0,6.0,0.166667,Baseballcardpedia,,,BBP insertion ratio table (2023 Topps Chrome page)
2023-topps-chrome-baseball-jumbo,Future Stars Autograph,1.0,5469.0,0.000183,Baseballcardpedia,,,BBP insertion ratio table (2023 Topps Chrome page)
2023-topps-chrome-baseball-jumbo,Future Stars Autograph Orange Refractor,1.0,16267.0,6.1e-05,Baseballcardpedia,,,BBP insertion ratio table (2023 Topps Chrome page)
2023-topps-chrome-baseball-jumbo,Future Stars Autograph Printing Plates,1.0,105732.0,9e-06,Baseballcardpedia,,,BBP insertion ratio table (2023 Topps Chrome page)
2023-topps-chrome-baseball-jumbo,Future Stars Autograph Red Refractor,1.0,79299.0,1.3e-05,Baseballcardpedia,,,BBP insertion ratio table (2023 Topps Chrome page)
2023-topps-chrome-baseball-jumbo,Future Stars Autograph SuperFractor,1.0,317196.0,3e-06,Baseballcardpedia,,,BBP insertion ratio table (2023 Topps Chrome page)
2023-topps-chrome-baseball-jumbo,Future Stars Gold Refractor,1.0,3668.0,0.000273,Baseballcardpedia,,,BBP insertion ratio table (2023 Topps Chrome page)
2023-topps-chrome-baseball-jumbo,Future Stars Green Refractor,1.0,1855.0,0.000539,Baseballcardpedia,,,BBP insertion ratio table (2023 Topps Chrome page)
2023-topps-chrome-baseball-jumbo,Future Stars Orange Refractor,1.0,7377.0,0.000136,Baseballcardpedia,,,BBP insertion ratio table (2023 Topps Chrome page)
2023-topps-chrome-baseball-jumbo,Future Stars Red Refractor,1.0,37318.0,2.7e-05,Baseballcardpedia,,,BBP insertion ratio table (2023 Topps Chrome page)
2023-topps-chrome-baseball-jumbo,Future Stars SuperFractor,1.0,211464.0,5e-06,Baseballcardpedia,,,BBP insertion ratio table (2023 Topps Chrome page)
2023-topps-chrome-baseball-jumbo,Gimmicks Tier 1,1.0,216.0,0.00463,Baseballcardpedia,,,BBP insertion ratio table (2023 Topps Chrome page)
2023-topps-chrome-baseball-jumbo,Gimmicks Tier 1 Gold Speckle Refractor,1.0,3668.0,0.000273,Baseballcardpedia,,,BBP insertion ratio table (2023 Topps Chrome page)
2023-topps-chrome-baseball-jumbo,Gimmicks Tier 1 Green Speckle Refractor,1.0,1855.0,0.000539,Baseballcardpedia,,,BBP insertion ratio table (2023 Topps Chrome page)
2023-topps-chrome-baseball-jumbo,Gimmicks Tier 1 Orange Speckle Refractor,1.0,7377.0,0.000136,Baseballcardpedia,,,BBP insertion ratio table (2023 Topps Chrome page)
2023-topps-chrome-baseball-jumbo,Gimmicks Tier 1 Red Speckle Refractor,1.0,37318.0,2.7e-05,Baseballcardpedia,,,BBP insertion ratio table (2023 Topps Chrome page)
2023-topps-chrome-baseball-jumbo,Gimmicks Tier 1 SuperFractor,1.0,211464.0,5e-06,Baseballcardpedia,,,BBP insertion ratio table (2023 Topps Chrome page)
2023-topps-chrome-baseball-jumbo,Gimmicks Tier 2,1.0,7377.0,0.000136,Baseballcardpedia,,,BBP insertion ratio table (2023 Topps Chrome page)
2023-topps-chrome-baseball-jumbo,Gold Refractor,1.0,334.0,0.002994,Baseballcardpedia,,,BBP insertion ratio table (2023 Topps Chrome page)
2023-topps-chrome-baseball-jumbo,Gold Wave Refractor,1.0,134.0,0.007463,Baseballcardpedia,,,BBP insertion ratio table (2023 Topps Chrome page)
2023-topps-chrome-baseball-jumbo,Green Refractor,1.0,169.0,0.005917,Baseballcardpedia,,,BBP insertion ratio table (2023 Topps Chrome page)
2023-topps-chrome-baseball-jumbo,Green Sonar Refractor,1.0,169.0,0.005917,Baseballcardpedia,,,BBP insertion ratio table (2023 Topps Chrome page)
2023-topps-chrome-baseball-jumbo,Green Wave Refractor,1.0,68.0,0.014706,Baseballcardpedia,,,BBP insertion ratio table (2023 Topps Chrome page)
2023-topps-chrome-baseball-jumbo,Hidden Gems,,,,Unavailable,,NO ODDS DATA FOUND. No insertion ratio published on Baseballcardpedia 2023 Topps Chrome page (linked subsection page does not exist). Cross-check Cardboard Connection/Beckett before full seed.,"Flagged during pull_rates rebuild, June 2026"
2023-topps-chrome-baseball-jumbo,In Technicolor,1.0,6.0,0.166667,Baseballcardpedia,,,BBP insertion ratio table (2023 Topps Chrome page)
2023-topps-chrome-baseball-jumbo,In Technicolor Autographs,1.0,1452.0,0.000689,Baseballcardpedia,,,BBP insertion ratio table (2023 Topps Chrome page)
2023-topps-chrome-baseball-jumbo,In Technicolor Autographs Orange Refractor,1.0,4500.0,0.000222,Baseballcardpedia,,,BBP insertion ratio table (2023 Topps Chrome page)
2023-topps-chrome-baseball-jumbo,In Technicolor Autographs Printing Plates,1.0,26433.0,3.8e-05,Baseballcardpedia,,,BBP insertion ratio table (2023 Topps Chrome page)
2023-topps-chrome-baseball-jumbo,In Technicolor Autographs Red Refractor,1.0,21876.0,4.6e-05,Baseballcardpedia,,,BBP insertion ratio table (2023 Topps Chrome page)
2023-topps-chrome-baseball-jumbo,In Technicolor Autographs SuperFractor,1.0,105732.0,9e-06,Baseballcardpedia,,,BBP insertion ratio table (2023 Topps Chrome page)
2023-topps-chrome-baseball-jumbo,In Technicolor Gold Refractor,1.0,2937.0,0.00034,Baseballcardpedia,,,BBP insertion ratio table (2023 Topps Chrome page)
2023-topps-chrome-baseball-jumbo,In Technicolor Orange Refractor,1.0,5874.0,0.00017,Baseballcardpedia,,,BBP insertion ratio table (2023 Topps Chrome page)
2023-topps-chrome-baseball-jumbo,In Technicolor Red Refractor,1.0,28836.0,3.5e-05,Baseballcardpedia,,,BBP insertion ratio table (2023 Topps Chrome page)
2023-topps-chrome-baseball-jumbo,In Technicolor SuperFractor,1.0,158598.0,6e-06,Baseballcardpedia,,,BBP insertion ratio table (2023 Topps Chrome page)
2023-topps-chrome-baseball-jumbo,Let's Go!,1.0,4880.0,0.000205,Baseballcardpedia,,,BBP insertion ratio table (2023 Topps Chrome page)
2023-topps-chrome-baseball-jumbo,Let's Go! Red Refractor,1.0,48800.0,2e-05,Baseballcardpedia,,,BBP insertion ratio table (2023 Topps Chrome page)
2023-topps-chrome-baseball-jumbo,Let's Go! SuperFractor,1.0,211464.0,5e-06,Baseballcardpedia,,,BBP insertion ratio table (2023 Topps Chrome page)
2023-topps-chrome-baseball-jumbo,Magenta Refractor,1.0,42.0,0.02381,Baseballcardpedia,,,BBP insertion ratio table (2023 Topps Chrome page)
2023-topps-chrome-baseball-jumbo,Magenta Speckle Refractor,1.0,48.0,0.020833,Baseballcardpedia,,,BBP insertion ratio table (2023 Topps Chrome page)
2023-topps-chrome-baseball-jumbo,Negative Refractor,1.0,42.0,0.02381,Baseballcardpedia,,,BBP insertion ratio table (2023 Topps Chrome page)
2023-topps-chrome-baseball-jumbo,Orange Wave Refractor,1.0,267.0,0.003745,Baseballcardpedia,,,BBP insertion ratio table (2023 Topps Chrome page)
2023-topps-chrome-baseball-jumbo,Printing Plates,1.0,4174.0,0.00024,Baseballcardpedia,,,BBP insertion ratio table (2023 Topps Chrome page)
2023-topps-chrome-baseball-jumbo,Prism Refractor,1.0,2.0,0.5,Baseballcardpedia,,,BBP insertion ratio table (2023 Topps Chrome page)
2023-topps-chrome-baseball-jumbo,Purple Refractor,1.0,67.0,0.014925,Baseballcardpedia,,,BBP insertion ratio table (2023 Topps Chrome page)
2023-topps-chrome-baseball-jumbo,Purple Speckle Refractor,1.0,56.0,0.017857,Baseballcardpedia,,,BBP insertion ratio table (2023 Topps Chrome page)
2023-topps-chrome-baseball-jumbo,Radiating Rookies,1.0,260.0,0.003846,Baseballcardpedia,,,BBP insertion ratio table (2023 Topps Chrome page)
2023-topps-chrome-baseball-jumbo,Radiating Rookies Autographs,1.0,3411.0,0.000293,Baseballcardpedia,,,BBP insertion ratio table (2023 Topps Chrome page)
2023-topps-chrome-baseball-jumbo,Radiating Rookies Autographs SuperFractor,1.0,79299.0,1.3e-05,Baseballcardpedia,,,BBP insertion ratio table (2023 Topps Chrome page)
2023-topps-chrome-baseball-jumbo,Radiating Rookies SuperFractor,1.0,70488.0,1.4e-05,Baseballcardpedia,,,BBP insertion ratio table (2023 Topps Chrome page)
2023-topps-chrome-baseball-jumbo,Red Refractor,1.0,3339.0,0.000299,Baseballcardpedia,,,BBP insertion ratio table (2023 Topps Chrome page)
2023-topps-chrome-baseball-jumbo,Red Wave Refractor,1.0,1333.0,0.00075,Baseballcardpedia,,,BBP insertion ratio table (2023 Topps Chrome page)
2023-topps-chrome-baseball-jumbo,Refractor,1.0,1.0,1.0,Baseballcardpedia,Guaranteed 1 per pack (BBP distribution note),,BBP insertion ratio table (2023 Topps Chrome page)
2023-topps-chrome-baseball-jumbo,Rookie Autographs,1.0,9.0,0.111111,Baseballcardpedia,,,BBP insertion ratio table (2023 Topps Chrome page)
2023-topps-chrome-baseball-jumbo,Rookie Autographs Aqua Wave Refractor,1.0,66.0,0.015152,Baseballcardpedia,,,BBP insertion ratio table (2023 Topps Chrome page)
2023-topps-chrome-baseball-jumbo,Rookie Autographs Blue RayWave Refractor,1.0,89.0,0.011236,Baseballcardpedia,,,BBP insertion ratio table (2023 Topps Chrome page)
2023-topps-chrome-baseball-jumbo,Rookie Autographs Blue Refractor,1.0,88.0,0.011364,Baseballcardpedia,,,BBP insertion ratio table (2023 Topps Chrome page)
2023-topps-chrome-baseball-jumbo,Rookie Autographs Gold Refractor,1.0,258.0,0.003876,Baseballcardpedia,,,BBP insertion ratio table (2023 Topps Chrome page)
2023-topps-chrome-baseball-jumbo,Rookie Autographs Gold Wave Refractor,1.0,188.0,0.005319,Baseballcardpedia,,,BBP insertion ratio table (2023 Topps Chrome page)
2023-topps-chrome-baseball-jumbo,Rookie Autographs Orange Wave Refractor,1.0,376.0,0.00266,Baseballcardpedia,,,BBP insertion ratio table (2023 Topps Chrome page)
2023-topps-chrome-baseball-jumbo,Rookie Autographs Printing Plates,1.0,3271.0,0.000306,Baseballcardpedia,,,BBP insertion ratio table (2023 Topps Chrome page)
2023-topps-chrome-baseball-jumbo,Rookie Autographs Purple Refractor,1.0,55.0,0.018182,Baseballcardpedia,,,BBP insertion ratio table (2023 Topps Chrome page)
2023-topps-chrome-baseball-jumbo,Rookie Autographs Purple Speckle Refractor,1.0,48.0,0.020833,Baseballcardpedia,,,BBP insertion ratio table (2023 Topps Chrome page)
2023-topps-chrome-baseball-jumbo,Rookie Autographs Red Refractor,1.0,2579.0,0.000388,Baseballcardpedia,,,BBP insertion ratio table (2023 Topps Chrome page)
2023-topps-chrome-baseball-jumbo,Rookie Autographs Red Wave Refractor,1.0,1866.0,0.000536,Baseballcardpedia,,,BBP insertion ratio table (2023 Topps Chrome page)
2023-topps-chrome-baseball-jumbo,Rookie Autographs Refractor,1.0,28.0,0.035714,Baseballcardpedia,,,BBP insertion ratio table (2023 Topps Chrome page)
2023-topps-chrome-baseball-jumbo,Rookie Autographs SuperFractor,1.0,9330.0,0.000107,Baseballcardpedia,,,BBP insertion ratio table (2023 Topps Chrome page)
2023-topps-chrome-baseball-jumbo,Sub-Zero FrozenFractor,1.0,602.0,0.001661,Baseballcardpedia,,,BBP insertion ratio table (2023 Topps Chrome page)
2023-topps-chrome-baseball-jumbo,Super Short Print,1.0,7377.0,0.000136,Cardboard Connection,,,"Flagged during pull_rates rebuild, June 2026"
2023-topps-chrome-baseball-jumbo,SuperFractor,1.0,16695.0,6e-05,Baseballcardpedia,,,BBP insertion ratio table (2023 Topps Chrome page)
2023-topps-chrome-baseball-jumbo,TacoFractors,1.0,3689.0,0.000271,Baseballcardpedia,,,BBP insertion ratio table (2023 Topps Chrome page)
2023-topps-chrome-baseball-jumbo,Titans,1.0,4.0,0.25,Baseballcardpedia,,,BBP insertion ratio table (2023 Topps Chrome page)
2023-topps-chrome-baseball-jumbo,Titans Gold Refractor,1.0,7377.0,0.000136,Baseballcardpedia,,,BBP insertion ratio table (2023 Topps Chrome page)
2023-topps-chrome-baseball-jumbo,Titans Green Refractor,1.0,3710.0,0.00027,Baseballcardpedia,,,BBP insertion ratio table (2023 Topps Chrome page)
2023-topps-chrome-baseball-jumbo,Titans Orange Refractor,1.0,14754.0,6.8e-05,Baseballcardpedia,,,BBP insertion ratio table (2023 Topps Chrome page)
2023-topps-chrome-baseball-jumbo,Titans Red Refractor,1.0,70488.0,1.4e-05,Baseballcardpedia,,,BBP insertion ratio table (2023 Topps Chrome page)
2023-topps-chrome-baseball-jumbo,Titans SuperFractor,1.0,317196.0,3e-06,Baseballcardpedia,,,BBP insertion ratio table (2023 Topps Chrome page)
2023-topps-chrome-baseball-jumbo,Ultraviolet All-Stars,1.0,260.0,0.003846,Baseballcardpedia,,,BBP insertion ratio table (2023 Topps Chrome page)
2023-topps-chrome-baseball-jumbo,Ultraviolet All-Stars Autograph,1.0,2258.0,0.000443,Baseballcardpedia,,,BBP insertion ratio table (2023 Topps Chrome page)
2023-topps-chrome-baseball-jumbo,Ultraviolet All-Stars Autograph Orange Refractor,1.0,5423.0,0.000184,Baseballcardpedia,,,BBP insertion ratio table (2023 Topps Chrome page)
2023-topps-chrome-baseball-jumbo,Ultraviolet All-Stars Autograph Printing Plates,1.0,37318.0,2.7e-05,Baseballcardpedia,,,BBP insertion ratio table (2023 Topps Chrome page)
2023-topps-chrome-baseball-jumbo,Ultraviolet All-Stars Autograph Red Refractor,1.0,26433.0,3.8e-05,Baseballcardpedia,,,BBP insertion ratio table (2023 Topps Chrome page)
2023-topps-chrome-baseball-jumbo,Ultraviolet All-Stars Autograph SuperFractor,1.0,126879.0,8e-06,Baseballcardpedia,,,BBP insertion ratio table (2023 Topps Chrome page)
2023-topps-chrome-baseball-jumbo,Ultraviolet All-Stars Gold Refractor,1.0,4880.0,0.000205,Baseballcardpedia,,,BBP insertion ratio table (2023 Topps Chrome page)
2023-topps-chrome-baseball-jumbo,Ultraviolet All-Stars Green Refractor,1.0,2469.0,0.000405,Baseballcardpedia,,,BBP insertion ratio table (2023 Topps Chrome page)
2023-topps-chrome-baseball-jumbo,Ultraviolet All-Stars Orange Refractor,1.0,9760.0,0.000102,Baseballcardpedia,,,BBP insertion ratio table (2023 Topps Chrome page)
2023-topps-chrome-baseball-jumbo,Ultraviolet All-Stars Red Refractor,1.0,48800.0,2e-05,Baseballcardpedia,,,BBP insertion ratio table (2023 Topps Chrome page)
2023-topps-chrome-baseball-jumbo,Ultraviolet All-Stars SuperFractor,1.0,211464.0,5e-06,Baseballcardpedia,,,BBP insertion ratio table (2023 Topps Chrome page)
2023-topps-chrome-baseball-mega,1988 Topps,1.0,11.0,0.090909,Baseballcardpedia,,,BBP insertion ratio table (2023 Topps Chrome page)
2023-topps-chrome-baseball-mega,1988 Topps Autograph,1.0,29878.0,3.3e-05,Baseballcardpedia,,,BBP insertion ratio table (2023 Topps Chrome page)
2023-topps-chrome-baseball-mega,1988 Topps Autograph Orange Refractor,1.0,59756.0,1.7e-05,Baseballcardpedia,,,BBP insertion ratio table (2023 Topps Chrome page)
2023-topps-chrome-baseball-mega,1988 Topps Autograph Printing Plates,1.0,318694.0,3e-06,Baseballcardpedia,,,BBP insertion ratio table (2023 Topps Chrome page)
2023-topps-chrome-baseball-mega,1988 Topps Autograph Red Refractor,1.0,318694.0,3e-06,Baseballcardpedia,,,BBP insertion ratio table (2023 Topps Chrome page)
2023-topps-chrome-baseball-mega,1988 Topps Autograph SuperFractor,1.0,956081.0,1e-06,Baseballcardpedia,,,BBP insertion ratio table (2023 Topps Chrome page)
2023-topps-chrome-baseball-mega,1988 Topps Gold Refractor,1.0,12258.0,8.2e-05,Baseballcardpedia,,,BBP insertion ratio table (2023 Topps Chrome page)
2023-topps-chrome-baseball-mega,1988 Topps Green Refractor,1.0,6169.0,0.000162,Baseballcardpedia,,,BBP insertion ratio table (2023 Topps Chrome page)
2023-topps-chrome-baseball-mega,1988 Topps Orange Refractor,1.0,24515.0,4.1e-05,Baseballcardpedia,,,BBP insertion ratio table (2023 Topps Chrome page)
2023-topps-chrome-baseball-mega,1988 Topps Red Refractor,1.0,119511.0,8e-06,Baseballcardpedia,,,BBP insertion ratio table (2023 Topps Chrome page)
2023-topps-chrome-baseball-mega,1988 Topps SuperFractor,1.0,478041.0,2e-06,Baseballcardpedia,,,BBP insertion ratio table (2023 Topps Chrome page)
2023-topps-chrome-baseball-mega,2022 Topps Chrome MVP Buybacks Autographs,1.0,318694.0,3e-06,Baseballcardpedia,,,BBP insertion ratio table (2023 Topps Chrome page)
2023-topps-chrome-baseball-mega,2022 Topps Chrome Prism Refractor MVP Buybacks,1.0,41569.0,2.4e-05,Baseballcardpedia,,,BBP insertion ratio table (2023 Topps Chrome page)
2023-topps-chrome-baseball-mega,2022 Topps Chrome Refractor MVP Buybacks,1.0,30842.0,3.2e-05,Baseballcardpedia,,,BBP insertion ratio table (2023 Topps Chrome page)
2023-topps-chrome-baseball-mega,2022 Topps Chrome X-Fractor MVP Buybacks,1.0,63739.0,1.6e-05,Baseballcardpedia,,,BBP insertion ratio table (2023 Topps Chrome page)
2023-topps-chrome-baseball-mega,Aqua Lava Refractor,1.0,279.0,0.003584,Baseballcardpedia,,,BBP insertion ratio table (2023 Topps Chrome page)
2023-topps-chrome-baseball-mega,Aqua Refractor,1.0,279.0,0.003584,Baseballcardpedia,,,BBP insertion ratio table (2023 Topps Chrome page)
2023-topps-chrome-baseball-mega,Blue Refractor,1.0,371.0,0.002695,Baseballcardpedia,,,BBP insertion ratio table (2023 Topps Chrome page)
2023-topps-chrome-baseball-mega,Blue Sonar Refractor,1.0,446.0,0.002242,Baseballcardpedia,,,BBP insertion ratio table (2023 Topps Chrome page)
2023-topps-chrome-baseball-mega,Dual Rookie Autographs,1.0,136583.0,7e-06,Baseballcardpedia,,,BBP insertion ratio table (2023 Topps Chrome page)
2023-topps-chrome-baseball-mega,Dual Rookie Autographs Red Refractor,1.0,956081.0,1e-06,Baseballcardpedia,,,BBP insertion ratio table (2023 Topps Chrome page)
2023-topps-chrome-baseball-mega,Expose,1.0,41569.0,2.4e-05,Baseballcardpedia,,,BBP insertion ratio table (2023 Topps Chrome page)
2023-topps-chrome-baseball-mega,Expose Red Refractor,1.0,79674.0,1.3e-05,Baseballcardpedia,,,BBP insertion ratio table (2023 Topps Chrome page)
2023-topps-chrome-baseball-mega,Expose SuperFractor,1.0,478041.0,2e-06,Baseballcardpedia,,,BBP insertion ratio table (2023 Topps Chrome page)
2023-topps-chrome-baseball-mega,Future Stars,1.0,21.0,0.047619,Baseballcardpedia,,,BBP insertion ratio table (2023 Topps Chrome page)
2023-topps-chrome-baseball-mega,Future Stars Autograph,1.0,59756.0,1.7e-05,Baseballcardpedia,,,BBP insertion ratio table (2023 Topps Chrome page)
2023-topps-chrome-baseball-mega,Future Stars Autograph Orange Refractor,1.0,191217.0,5e-06,Baseballcardpedia,,,BBP insertion ratio table (2023 Topps Chrome page)
2023-topps-chrome-baseball-mega,Future Stars Autograph Printing Plates,1.0,956081.0,1e-06,Baseballcardpedia,,,BBP insertion ratio table (2023 Topps Chrome page)
2023-topps-chrome-baseball-mega,Future Stars Autograph Red Refractor,1.0,956081.0,1e-06,Baseballcardpedia,,,BBP insertion ratio table (2023 Topps Chrome page)
2023-topps-chrome-baseball-mega,Future Stars Gold Refractor,1.0,12258.0,8.2e-05,Baseballcardpedia,,,BBP insertion ratio table (2023 Topps Chrome page)
2023-topps-chrome-baseball-mega,Future Stars Green Refractor,1.0,6169.0,0.000162,Baseballcardpedia,,,BBP insertion ratio table (2023 Topps Chrome page)
2023-topps-chrome-baseball-mega,Future Stars Orange Refractor,1.0,24515.0,4.1e-05,Baseballcardpedia,,,BBP insertion ratio table (2023 Topps Chrome page)
2023-topps-chrome-baseball-mega,Future Stars Red Refractor,1.0,119511.0,8e-06,Baseballcardpedia,,,BBP insertion ratio table (2023 Topps Chrome page)
2023-topps-chrome-baseball-mega,Future Stars SuperFractor,1.0,478041.0,2e-06,Baseballcardpedia,,,BBP insertion ratio table (2023 Topps Chrome page)
2023-topps-chrome-baseball-mega,Gimmicks Tier 1,1.0,721.0,0.001387,Baseballcardpedia,,,BBP insertion ratio table (2023 Topps Chrome page)
2023-topps-chrome-baseball-mega,Gimmicks Tier 1 Gold Speckle Refractor,1.0,12258.0,8.2e-05,Baseballcardpedia,,,BBP insertion ratio table (2023 Topps Chrome page)
2023-topps-chrome-baseball-mega,Gimmicks Tier 1 Green Speckle Refractor,1.0,6169.0,0.000162,Baseballcardpedia,,,BBP insertion ratio table (2023 Topps Chrome page)
2023-topps-chrome-baseball-mega,Gimmicks Tier 1 Orange Speckle Refractor,1.0,24515.0,4.1e-05,Baseballcardpedia,,,BBP insertion ratio table (2023 Topps Chrome page)
2023-topps-chrome-baseball-mega,Gimmicks Tier 1 Red Speckle Refractor,1.0,119511.0,8e-06,Baseballcardpedia,,,BBP insertion ratio table (2023 Topps Chrome page)
2023-topps-chrome-baseball-mega,Gimmicks Tier 1 SuperFractor,1.0,478041.0,2e-06,Baseballcardpedia,,,BBP insertion ratio table (2023 Topps Chrome page)
2023-topps-chrome-baseball-mega,Gimmicks Tier 2,1.0,24515.0,4.1e-05,Baseballcardpedia,,,BBP insertion ratio table (2023 Topps Chrome page)
2023-topps-chrome-baseball-mega,Gold Refractor,1.0,1115.0,0.000897,Baseballcardpedia,,,BBP insertion ratio table (2023 Topps Chrome page)
2023-topps-chrome-baseball-mega,Green Refractor,1.0,563.0,0.001776,Baseballcardpedia,,,BBP insertion ratio table (2023 Topps Chrome page)
2023-topps-chrome-baseball-mega,Green Sonar Refractor,1.0,563.0,0.001776,Baseballcardpedia,,,BBP insertion ratio table (2023 Topps Chrome page)
2023-topps-chrome-baseball-mega,Hidden Gems,,,,Unavailable,,NO ODDS DATA FOUND. No insertion ratio published on Baseballcardpedia 2023 Topps Chrome page (linked subsection page does not exist). Cross-check Cardboard Connection/Beckett before full seed.,"Flagged during pull_rates rebuild, June 2026"
2023-topps-chrome-baseball-mega,In Technicolor,1.0,28.0,0.035714,Baseballcardpedia,,,BBP insertion ratio table (2023 Topps Chrome page)
2023-topps-chrome-baseball-mega,In Technicolor Autographs,1.0,16205.0,6.2e-05,Baseballcardpedia,,,BBP insertion ratio table (2023 Topps Chrome page)
2023-topps-chrome-baseball-mega,In Technicolor Autographs Orange Refractor,1.0,50321.0,2e-05,Baseballcardpedia,,,BBP insertion ratio table (2023 Topps Chrome page)
2023-topps-chrome-baseball-mega,In Technicolor Autographs Printing Plates,1.0,318694.0,3e-06,Baseballcardpedia,,,BBP insertion ratio table (2023 Topps Chrome page)
2023-topps-chrome-baseball-mega,In Technicolor Autographs Red Refractor,1.0,239021.0,4e-06,Baseballcardpedia,,,BBP insertion ratio table (2023 Topps Chrome page)
2023-topps-chrome-baseball-mega,In Technicolor Autographs SuperFractor,1.0,956081.0,1e-06,Baseballcardpedia,,,BBP insertion ratio table (2023 Topps Chrome page)
2023-topps-chrome-baseball-mega,In Technicolor Gold Refractor,1.0,9756.0,0.000103,Baseballcardpedia,,,BBP insertion ratio table (2023 Topps Chrome page)
2023-topps-chrome-baseball-mega,In Technicolor Green Refractor,1.0,1928.0,0.000519,Baseballcardpedia,,,BBP insertion ratio table (2023 Topps Chrome page)
2023-topps-chrome-baseball-mega,In Technicolor Orange Refractor,1.0,19512.0,5.1e-05,Baseballcardpedia,,,BBP insertion ratio table (2023 Topps Chrome page)
2023-topps-chrome-baseball-mega,In Technicolor Red Refractor,1.0,95609.0,1e-05,Baseballcardpedia,,,BBP insertion ratio table (2023 Topps Chrome page)
2023-topps-chrome-baseball-mega,In Technicolor SuperFractor,1.0,478041.0,2e-06,Baseballcardpedia,,,BBP insertion ratio table (2023 Topps Chrome page)
2023-topps-chrome-baseball-mega,Let's Go!,1.0,16205.0,6.2e-05,Baseballcardpedia,,,BBP insertion ratio table (2023 Topps Chrome page)
2023-topps-chrome-baseball-mega,Let's Go! Red Refractor,1.0,159347.0,6e-06,Baseballcardpedia,,,BBP insertion ratio table (2023 Topps Chrome page)
2023-topps-chrome-baseball-mega,Let's Go! SuperFractor,1.0,956081.0,1e-06,Baseballcardpedia,,,BBP insertion ratio table (2023 Topps Chrome page)
2023-topps-chrome-baseball-mega,Magenta Refractor,1.0,139.0,0.007194,Baseballcardpedia,,,BBP insertion ratio table (2023 Topps Chrome page)
2023-topps-chrome-baseball-mega,Magenta Speckle Refractor,1.0,158.0,0.006329,Baseballcardpedia,,,BBP insertion ratio table (2023 Topps Chrome page)
2023-topps-chrome-baseball-mega,Negative Refractor,1.0,139.0,0.007194,Baseballcardpedia,,,BBP insertion ratio table (2023 Topps Chrome page)
2023-topps-chrome-baseball-mega,Printing Plates,1.0,14061.0,7.1e-05,Baseballcardpedia,,,BBP insertion ratio table (2023 Topps Chrome page)
2023-topps-chrome-baseball-mega,Prism Refractor,1.0,11.0,0.090909,Baseballcardpedia,,,BBP insertion ratio table (2023 Topps Chrome page)
2023-topps-chrome-baseball-mega,Purple Refractor,1.0,222.0,0.004505,Baseballcardpedia,,,BBP insertion ratio table (2023 Topps Chrome page)
2023-topps-chrome-baseball-mega,Purple Sonar Refractor,1.0,79.0,0.012658,Baseballcardpedia,,,BBP insertion ratio table (2023 Topps Chrome page)
2023-topps-chrome-baseball-mega,Purple Speckle Refractor,1.0,186.0,0.005376,Baseballcardpedia,,,BBP insertion ratio table (2023 Topps Chrome page)
2023-topps-chrome-baseball-mega,Red Refractor,1.0,11118.0,9e-05,Baseballcardpedia,,,BBP insertion ratio table (2023 Topps Chrome page)
2023-topps-chrome-baseball-mega,Refractor,1.0,4.0,0.25,Baseballcardpedia,,,BBP insertion ratio table (2023 Topps Chrome page)
2023-topps-chrome-baseball-mega,Rookie Autographs,1.0,93.0,0.010753,Baseballcardpedia,,,BBP insertion ratio table (2023 Topps Chrome page)
2023-topps-chrome-baseball-mega,Rookie Autographs Aqua Wave Refractor,1.0,726.0,0.001377,Baseballcardpedia,,,BBP insertion ratio table (2023 Topps Chrome page)
2023-topps-chrome-baseball-mega,Rookie Autographs Blue RayWave Refractor,1.0,975.0,0.001026,Baseballcardpedia,,,BBP insertion ratio table (2023 Topps Chrome page)
2023-topps-chrome-baseball-mega,Rookie Autographs Blue Refractor,1.0,968.0,0.001033,Baseballcardpedia,,,BBP insertion ratio table (2023 Topps Chrome page)
2023-topps-chrome-baseball-mega,Rookie Autographs Gold Refractor,1.0,2854.0,0.00035,Baseballcardpedia,,,BBP insertion ratio table (2023 Topps Chrome page)
2023-topps-chrome-baseball-mega,Rookie Autographs Green Refractor,1.0,303.0,0.0033,Baseballcardpedia,,,BBP insertion ratio table (2023 Topps Chrome page)
2023-topps-chrome-baseball-mega,Rookie Autographs Printing Plates,1.0,36773.0,2.7e-05,Baseballcardpedia,,,BBP insertion ratio table (2023 Topps Chrome page)
2023-topps-chrome-baseball-mega,Rookie Autographs Purple Refractor,1.0,602.0,0.001661,Baseballcardpedia,,,BBP insertion ratio table (2023 Topps Chrome page)
2023-topps-chrome-baseball-mega,Rookie Autographs Purple Speckle Refractor,1.0,521.0,0.001919,Baseballcardpedia,,,BBP insertion ratio table (2023 Topps Chrome page)
2023-topps-chrome-baseball-mega,Rookie Autographs Red Refractor,1.0,28973.0,3.5e-05,Baseballcardpedia,,,BBP insertion ratio table (2023 Topps Chrome page)
2023-topps-chrome-baseball-mega,Rookie Autographs Refractor,1.0,307.0,0.003257,Baseballcardpedia,,,BBP insertion ratio table (2023 Topps Chrome page)
2023-topps-chrome-baseball-mega,Super Short Print,1.0,24515.0,4.1e-05,Cardboard Connection,,,"Flagged during pull_rates rebuild, June 2026"
2023-topps-chrome-baseball-mega,SuperFractor,1.0,59756.0,1.7e-05,Baseballcardpedia,,,BBP insertion ratio table (2023 Topps Chrome page)
2023-topps-chrome-baseball-mega,TacoFractors,1.0,12258.0,8.2e-05,Baseballcardpedia,,,BBP insertion ratio table (2023 Topps Chrome page)
2023-topps-chrome-baseball-mega,Titans,1.0,21.0,0.047619,Baseballcardpedia,,,BBP insertion ratio table (2023 Topps Chrome page)
2023-topps-chrome-baseball-mega,Titans Gold Refractor,1.0,24515.0,4.1e-05,Baseballcardpedia,,,BBP insertion ratio table (2023 Topps Chrome page)
2023-topps-chrome-baseball-mega,Titans Green Refractor,1.0,12417.0,8.1e-05,Baseballcardpedia,,,BBP insertion ratio table (2023 Topps Chrome page)
2023-topps-chrome-baseball-mega,Titans Orange Refractor,1.0,47805.0,2.1e-05,Baseballcardpedia,,,BBP insertion ratio table (2023 Topps Chrome page)
2023-topps-chrome-baseball-mega,Titans Red Refractor,1.0,239021.0,4e-06,Baseballcardpedia,,,BBP insertion ratio table (2023 Topps Chrome page)
2023-topps-chrome-baseball-mega,Titans SuperFractor,1.0,956081.0,1e-06,Baseballcardpedia,,,BBP insertion ratio table (2023 Topps Chrome page)
2023-topps-chrome-baseball-mega,Ultraviolet All-Stars,1.0,449.0,0.002227,Baseballcardpedia,,,BBP insertion ratio table (2023 Topps Chrome page)
2023-topps-chrome-baseball-mega,Ultraviolet All-Stars Autograph,1.0,25161.0,4e-05,Baseballcardpedia,,,BBP insertion ratio table (2023 Topps Chrome page)
2023-topps-chrome-baseball-mega,Ultraviolet All-Stars Autograph Orange Refractor,1.0,59756.0,1.7e-05,Baseballcardpedia,,,BBP insertion ratio table (2023 Topps Chrome page)
2023-topps-chrome-baseball-mega,Ultraviolet All-Stars Autograph Printing Plates,1.0,478041.0,2e-06,Baseballcardpedia,,,BBP insertion ratio table (2023 Topps Chrome page)
2023-topps-chrome-baseball-mega,Ultraviolet All-Stars Autograph Red Refractor,1.0,318694.0,3e-06,Baseballcardpedia,,,BBP insertion ratio table (2023 Topps Chrome page)
2023-topps-chrome-baseball-mega,Ultraviolet All-Stars Autograph SuperFractor,1.0,956081.0,1e-06,Baseballcardpedia,,,BBP insertion ratio table (2023 Topps Chrome page)
2023-topps-chrome-baseball-mega,Ultraviolet All-Stars Gold Refractor,1.0,16205.0,6.2e-05,Baseballcardpedia,,,BBP insertion ratio table (2023 Topps Chrome page)
2023-topps-chrome-baseball-mega,Ultraviolet All-Stars Green Refractor,1.0,8243.0,0.000121,Baseballcardpedia,,,BBP insertion ratio table (2023 Topps Chrome page)
2023-topps-chrome-baseball-mega,Ultraviolet All-Stars Orange Refractor,1.0,32969.0,3e-05,Baseballcardpedia,,,BBP insertion ratio table (2023 Topps Chrome page)
2023-topps-chrome-baseball-mega,Ultraviolet All-Stars Red Refractor,1.0,159347.0,6e-06,Baseballcardpedia,,,BBP insertion ratio table (2023 Topps Chrome page)
2023-topps-chrome-baseball-mega,Ultraviolet All-Stars SuperFractor,1.0,956081.0,1e-06,Baseballcardpedia,,,BBP insertion ratio table (2023 Topps Chrome page)
2023-topps-chrome-baseball-mega,X-Fractor,10.0,1.0,10.0,Baseballcardpedia,Guaranteed 10 per box (BBP distribution note),"GUARANTEED PULL, not probabilistic odds -- pull_probability > 1.0 intentionally. Per SCHEMA-AND-DATA.md, guaranteed pulls belong in a separate box_guarantees table (probability=1.0) once that table is populated for this set. Left here for now so data isn't lost.",BBP insertion ratio table (2023 Topps Chrome page)
